date,hour 0,hour 1,hour 2,hour 3,hour 4,hour 5,hour 6,hour 7,hour 8,hour 9,hour 10,hour 11,hour 12,hour 13,hour 14,hour 15,hour 16,hour 17,hour 18,hour 19,hour 20,hour 21,hour 22,hour 23
2020-08-25,0,0,61,54,970,220,140,254,500,100,135,489,600,572,2655,2140,1227,1314,166,48,130,921,848,0
2020-08-26,656,5519,17162,140,0,1000,0,139,1021,72,2,686,175,1300,152,0,68,1432,33,84,2363,0,3864,546
2020-08-27,430,3,138,272,12,535,2067,0,252,50,73,2470,0,130,435,532,10261,135,167,0,0,182,362,0
2020-08-28,3415,1401,114,12060,0,0,119,209,305,832,33,0,132,627,89,645,43,213,678,206,181,135,1504,118
2020-08-29,0,3389,2963,1319,27,60,0,645,992,161,148,860,9,1800,1109,0,351,247,8,100,0,1162,3894,295
2020-08-30,10706,89,152,1840,0,2849,1500,215,395,270,209,1410,0,93,4000,5502,207,0,931,178,2800,357,4728,153
2020-08-31,399,0,86,60,100,0,556,1469,1513,0,2370,115,3348,140,21157,700,0,727,60,1119,373,60,3004,100
2020-09-01,64662,156,797,0,500,460,0,544,94,5002,85,0,156,0,6676,322,1823,80,1148,590,472,10000,2066,442
2020-09-02,4078,730,783,0,804,2882,1982,0,848,314,5,1060,294,1463,137,31902,5341,5917,6571,1137,6456,0,400,266
2020-09-03,1212,131,6429,399,2451,3500,3730,122,55,5249,44,2038,117,857,0,1220,2855,136,4212,40,16048,0,4,8202
2020-09-04,13473,272,814,28,0,8548,55,95,0,121,160,421,436,297,338,4876,678,50,1060,69,164,475,1243,535
2020-09-05,0,2991,4758,5393,827,271,0,405,105,120,4494,74,1497,1479,298,0,140,1100,1563,1743,114,137,749,50
2020-09-06,700,0,2270,1500,0,0,3492,108,615,1067,1034,0,1725,76,171,0,70,153,1314,4603,196,233,2000,2690
2020-09-07,2009,3,3510,0,1800,247,2382,5700,4,408,454,694,15551,569,1440,70937,2805,0,75,1573,392,1400,1894,673
2020-09-08,237,4660,1612,2456,306,2010,55,551,398,854,105,0,2909,243,7687,307,594,628,262,0,1236,1983,800,952
2020-09-09,1677,5263,818,633,514,99,940,0,275,3500,571,99,5547,12,1530,68,1719,33,1740,376,9561,221,259,0
2020-09-10,35,1971,3444,54,967,62,263,318,0,0,545,276,0,2237,4779,2370,264,0,0,867,1582,473,2754,366
2020-09-11,500,163,791,0,90,11030,107,0,0,2799,0,533,771,20,150,288,60,6002,7335,1258,1614,118,0,0
2020-09-12,0,58,2434,4890,1134,1945,138,140,0,0,12064,0,1500,0,322,1000,12244,679,308,16,5,42,0,0
2020-09-13,13,14371,7450,15,0,1235,3,67,666,0,2857,3442,37,2000,2044,2000,107,0,2108,0,247,250,105,800
2020-09-14,202,0,0,930,2035,0,68,156,0,139,0,107,0,18867,1555,99,1776,26,1150,0,0,4500,6,0
2020-09-15,26,26,900,90,1257,4300,300,7330,2396,0,344,1152,10,0,1000,2027,0,245,1194,413,113,2724,535,10290
2020-09-16,70,3527,48,498,100,0,1597,403,10,450,196,0,70,897,1035,1165,835,280,836,0,0,2000,6715,200
2020-09-17,24,187,6,366,0,3227,1000,1649,0,0,0,1324,0,180,1687,0,180,40,500,754,300,500,1400,2090
2020-09-18,384,100,0,207,0,1000,450,0,670,2050,0,57,6754,17,3067,379,4304,292,1419,584,703,200,0,0
2020-09-19,79,515,0,1075,430,36,0,0,1055,248,0,52,5690,3312,1304,966,5515,150,0,406,0,209,0,0
2020-09-20,1200,6424,309,0,16245,2204,2805,900,3050,489,1250,0,2433,0,747,1600,128,0,2520,852,0,1202,2000,247
2020-09-21,313,340,33,1210,97,0,26,920,2411,1320,411,62,782,399,2176,383,0,1831,600,18370,1834,0,500,220
2020-09-22,528,308,0,13589,12,4527,4650,2335,0,800,2,627,183,300,0,639,2211,2070,1088,970,0,54,640,0
2020-09-23,904,10412,0,0,2079,1015,270,2145,510,0,0,146,0,250,280,697,279,995,1110,897,1982,589,0,326
2020-09-24,704,34,1300,0,0,1313,100,0,96,1738,100,0,807,297,953,84,186,2033,20183,204,7645,148,580,27
2020-09-25,15488,0,1190,95,44,1917,75,0,524,516,333,0,4120,770,210,1368,915,150,506,731,247,310,0,55
2020-09-26,390,24,1895,10409,711,0,1586,0,4592,248,800,98,936,1429,3930,123,12472,0,1605,0,0,3837,0,75
2020-09-27,140,650,5630,2041,15,200,3005,2570,1794,1250,1604,196,5000,81,198,2432,3972,0,54,3046,657,0,0,3651
2020-09-28,0,0,168,95,426,115,2266,131,32,495,2088,623,85,115,135,913,1865,0,7258,350,656,2317,0,189
2020-09-29,1243,0,602,859,1361,46,1350,0,1375,469,500,0,642,2445,0,1000,6766,218,1414,9375,0,0,1122,2
2020-09-30,90,14413,51,517,0,2167,26,0,114,0,192,350,2227,0,4345,0,0,2043,0,66,806,0,1252,0
2020-10-01,29165,0,1489,287,0,2040,11,42,113,0,0,0,1726,5611,158,375,2915,2086,113,364,12,295,2000,490
2020-10-02,524,0,7,28,321,5750,90,528,0,0,100,280,5849,1403,4000,24,100,5016,0,0,35,3421,75,55
2020-10-03,30,700,0,630,3099,2137,0,6494,305,6400,2204,36,196,2497,5564,496,1927,0,645,851,0,3954,9,2805
2020-10-04,8,463,0,220,0,1038,1063,0,0,2675,270,57,0,54,0,986,80,6018,141,23,906,857,27,256
2020-10-05,9313,2030,382,44,18,909,100,0,0,79,900,3257,558,0,100,460,1600,2353,1859,0,0,0,5936,0
2020-10-06,27,558,2293,217,500,555,9917,0,2524,66,0,1811,81,4718,900,20,2143,3230,1004,0,1068,0,0,297
2020-10-07,118,39,2783,471,123,717,1804,0,428,2513,0,1192,3713,0,51,203,14,1674,1399,0,2765,2126,775,0
2020-10-08,790,341,1,2000,0,856,0,5744,0,0,1575,13470,196,7099,0,0,4715,1000,9,0,0,0,0,874
2020-10-09,196,1600,0,12,106,884,372,3,0,480,123,0,80,1357,1900,17,2623,16,0,589,402,0,534,473
2020-10-10,4399,50,0,48,440,0,476,926,0,1200,0,135,3897,5100,131,2688,3161,700,4072,0,0,50,0,0
2020-10-11,10,1740,20,1071,248,0,1049,0,638,628,0,0,3,4775,114,0,1438,383,3423,180,384,0,0,245
2020-10-12,0,159,0,1447,50,1830,0,0,5,12171,265,1613,375,1329,126,491,680,62,3682,95,4132,185,1521,709
2020-10-13,4600,446,783,1250,789,407,0,325,90,1864,857,0,373,1500,6209,1167,7017,9460,23396,0,0,2,50,262
2020-10-14,100,96,0,1315,340,2447,0,0,1178,0,0,0,485,1167,518,2754,107,172,769,259,1117,225,601,105
2020-10-15,402,5506,375,1306,1655,368,2758,371,200,4,0,376,445,594,706,1578,319,2522,118,911,1730,0,132,0
2020-10-16,0,100,2491,560,45671,3000,579,32,139,0,2435,120,2752,186,68,817,617,127,7598,4726,117,0,1210,0
2020-10-17,180,194,448,0,62,0,3320,5525,0,3788,38,417,0,8,5263,167,1526,88,60,39,0,0,200,0
2020-10-18,7313,980,0,19,607,0,2221,1053,599,0,1240,749,1526,500,2122,1000,1060,158,2827,0,316,582,666,1836
2020-10-19,123,363,29,28700,0,270,0,59,4821,0,61,1525,664,14160,8828,198,3429,0,900,2055,0,0,1108,1607
2020-10-20,5802,189,4325,0,2466,0,81,0,615,35,273,0,1222,1297,1676,310,281,745,73,94,8253,813,0,40
2020-10-21,1300,1451,200,0,1388,0,349,227,50,2950,126,0,2095,1453,2589,1262,1718,1013,1267,0,0,100,337,284
2020-10-22,6463,370,0,0,67,0,0,11,580,0,0,7786,0,1220,298,4663,0,1923,948,726,443,0,607,47
2020-10-23,2011,562,0,328,977,27,91,13,0,1850,21,13,1403,0,10466,1258,1188,0,1000,0,134,108,0,0
2020-10-24,1970,0,1481,0,150,2194,1712,229,145,300,0,1800,36955,0,35098,0,177,455,0,0,192,184,5,0
2020-10-25,0,2000,510,390,198,0,2300,250,2892,173,749,1175,2250,570,7165,0,0,401,0,46,621,31,172,1031
2020-10-26,7199,7893,29,0,0,30,734,0,54,0,1178,869,3457,1655,641,16077,0,1614,8839,161,2437,5378,1476,13
2020-10-27,1781,1172,79,3712,60,0,1893,200,1263,50,3395,1262,12815,1583,3125,1425,7,497,1226,1223,10226,198,10,0
2020-10-28,0,184,0,629,10216,0,10,2116,0,100,0,354,243,961,1865,3732,1666,50,1985,56,0,3032,1007,505
2020-10-29,7412,2255,3649,413,33,6928,0,1461,1999,0,984,0,114,309,337,2613,30,1384,307,646,687,237,1065,0
2020-10-30,18233,4529,255,0,3,14,11884,0,0,484,24,82,0,0,1003,1304,1000,144,124,2000,1275,3912,110,7784
2020-10-31,7765,2124,0,1585,1334,304,2774,64,5,6560,11031,1345,3737,0,0,0,1121,13524,0,0,291,0,92,1188
2020-11-01,627,12802,0,0,1000,0,0,20,0,0,2882,0,302,551,500,0,0,0,4833,2417,2701,32,0,850
2020-11-02,477,0,1010,69,250,0,1000,1500,0,827,379,0,637,428,0,0,92,141,513,669,154,4725,4582,1500
2020-11-03,2225,81,8219,0,359,2998,705,0,266,286,11,9,40,442,629,2984,0,0,107,758,2381,121,75,1116
2020-11-04,467,3214,298,2431,1739,68,0,0,0,1155,35,0,0,21,0,911,737,186,1005,0,1400,0,0,128
2020-11-05,5620,28,5011,2283,905,324,0,2527,5154,167,2,106,499,2655,420,225,1168,332,0,456,15,250,52,1499
2020-11-06,1125,168,2000,0,0,273,78,132,31,495,1497,109,80,1464,4287,900,180,750,750,100,3424,17,77,1902
2020-11-07,1997,100,913,3151,1310,200,115,61,0,787,1185,367,405,0,56,617,365,1595,955,48,3217,1511,500,71
2020-11-08,5384,0,840,245,67,107,1826,398,174,0,0,233,235,48,900,74,1850,408,117,49,0,0,945,0
2020-11-09,2044,897,808,1442,291,0,140,1118,140,697,0,500,0,1424,4,340,1087,12,123,93,3510,990,1407,1143
2020-11-10,4329,0,888,52,591,323,849,52,0,1105,1307,301,8432,1444,2997,1419,709,630,508,323,8276,249,139,691
2020-11-11,5301,20,146,1977,1496,450,0,305,4000,359,4405,434,798,862,247,7386,16,242,187,0,187,581,427,2028
2020-11-12,140,583,977,1100,216,300,206,0,800,182,308,513,59,0,2534,10825,630,599,931,0,133,3374,611,1000
2020-11-13,3067,1521,402,1349,0,1715,629,201,0,106,113,131,9883,0,145,1,389,195,317,23,3720,0,355,46
2020-11-14,2558,0,4599,236,190,73,60,0,2264,0,5385,100,214,375,982,0,168,300,348,3723,0,353,655,236
2020-11-15,255,0,40,3400,1530,0,35,0,40,0,10,152,128,76,0,32,69,980,298,0,250,0,231,473
2020-11-16,3192,117,1574,2300,423,5,526,629,0,25,0,0,283,1910,58,118,1136,1120,1052,8,53,1594,712,34
2020-11-17,2593,0,163,699,259,191,54,0,2480,0,0,14,35,189,712,278,309,2520,12378,1117,30,0,47,400
2020-11-18,844,28,742,0,4329,379,289,0,307,653,0,0,377,192,269,11536,0,1299,8685,400,526,1366,2348,595
2020-11-19,80,1122,39,1152,90,401,324,65,0,0,12,0,144,153,431,105,60,2934,539,842,0,2058,240,0
2020-11-20,774,0,204,1654,760,479,1177,3536,1408,148,2162,8,0,363,469,141,0,1800,102,6925,352,291,346,0
2020-11-21,1231,206,274,354,197,0,0,1502,699,300,11,8,835,0,1292,3,0,437,164,180,170,1410,528,385
2020-11-22,314,7268,4760,890,343,3067,257,1116,0,77,820,7616,1094,121,195,4543,30,2275,3,1055,2194,337,978,1000
2020-11-23,39,771,250,0,795,0,454,968,1,540,639,64,0,120,13872,4251,1314,342,3182,928,4588,8701,525,272
2020-11-24,2591,100,2345,226,1277,2599,0,341,346,380,0,1013,1667,823,347,108,371,238,5154,408,372,67,36,94
2020-11-25,1013,386,436,75,1876,428,199,966,180,2138,62,1611,536,1319,4573,3656,2143,1444,1198,1835,111,199,559,17904
2020-11-26,2462,6885,241,13,0,0,74,1817,2748,859,756,175,221,115,1022,750,51,6380,475,275,19998,33,140,302
2020-11-27,130,560,35,1505,2963,141,57,513,0,232,22,1575,29,768,1900,0,583,0,145,295,2141,0,164,432
2020-11-28,233,658,141,0,65,0,213,335,15,131,315,0,0,1860,948,2692,204,47,47,116,90,432,3,16
2020-11-29,45,460,402,8568,10,699,0,245,581,1753,1409,0,45,0,454,305,0,94,0,0,488,248,310,369
2020-11-30,780,220,30,477,1574,736,1348,150,900,0,406,0,1013,0,1299,1150,1448,2414,3529,4705,2444,200,2228,0
2020-12-01,495,627,206,180,1067,0,184,1500,602,417,30,41,3038,561,1568,1102,457,553,12,863,0,10,1476,2940
2020-12-02,580,0,2963,4621,0,921,0,1995,391,117,0,0,12360,7618,253,107,218,1433,1937,963,278,0,0,1780
2020-12-03,1661,57,785,112,326,300,864,126,0,0,656,9,98,1303,1100,35,500,0,1306,1658,650,9319,111,1807
2020-12-04,155,148,1667,751,276,1477,1108,8,30,238,165,0,0,652,1062,252,11032,999,3649,10,2350,2276,1551,4181
2020-12-05,142,17,402,0,613,1988,1201,439,0,0,6637,1002,339,1147,1593,0,401,20,349,75,662,75,2419,630
2020-12-06,211,210,0,625,307,108,2068,0,1,263,939,69,4577,24,326,186,651,0,431,550,2576,3059,1886,239
2020-12-07,3928,958,166,420,0,0,290,281,41,0,0,0,86,32,1617,142,497,2838,2192,31,0,500,0,7997
2020-12-08,0,7576,1093,708,1676,0,2566,1741,587,0,9,0,6,1373,1428,1331,1260,1229,2818,404,4,3145,299,79
2020-12-09,618,7501,714,300,28,645,1354,0,1013,67,393,987,3381,543,581,2069,6422,37,598,138,10,1221,289,3917
2020-12-10,7892,271,1336,129,1100,8,0,737,1025,0,0,0,99,47288,2818,33,1556,101,353,0,136,0,404,648
2020-12-11,3,375,234,7076,925,0,926,3549,0,65,0,0,1127,125,616,100,148,518,329,2000,572,654,2303,0
2020-12-12,1290,200,244,0,0,210,0,98,2890,6459,9684,1500,1147,0,232,0,1772,461,66,0,271,1412,25202,100
2020-12-13,8635,1043,29,121,458,427,45,20,4,119,1592,27,17,138,200,11,321,346,799,331,105,102,265,181
2020-12-14,41,1435,353,558,15,0,3075,0,15,5231,124,0,146,584,138,3100,513,5586,8762,1596,57,134,3534,2117
2020-12-15,3610,8199,474,3454,293,45133,3151,1849,9,0,39,0,469,262,4405,1650,1200,943,353,1270,1204,2456,164,2874
2020-12-16,375,0,261,2300,1155,2260,79877,313,2032,266,4484,152,991,997,11,1877,10401,9126,3785,661,2,60,8284,40
2020-12-17,3193,12478,208,1073,378,151,33,1440,0,33,1200,4515,0,13,17,2658,105,2700,2265,42,5481,6925,14575,0
2020-12-18,711,200,117,70,2977,2153,0,100,300,7400,73,75,1628,0,225,582,316,1126,110,4500,0,1626,717,368
2020-12-19,1860,5035,312,6500,5713,32,487,0,0,848,1111,287,18,77,22,8067,35416,182,20,316,117,0,152,322
2020-12-20,19223,1828,16,1471,395,2167,0,4,193,484,6686,7,555,1244,712,2710,35,11935,222,1693,2715,2,613,9685
2020-12-21,619,3927,7709,0,132,4717,13848,439,873,609,1288,1,532,928,1127,100,28,4050,6,5847,0,3915,155,2920
2020-12-22,614,180,686,1938,111,1253,0,3702,162,700,732,770,1832,320,616,3,1586,0,5,45,1674,1200,2,250
2020-12-23,1470,1729,2863,719,0,29506,0,393,38,0,275,4920,210,7283,179,271,2687,2835,19,1669,1368,0,441,504
2020-12-24,1477,28,8877,231,1032,8,20,500,20,324,307,442,1279,63,2447,112,22,169,411,188,605,249,236,49
2020-12-25,3409,3213,3830,47,2603,1867,328,3948,350,643,896,200,31,112,832,6512,5627,500,321,31,1446,652,1079,1002
2020-12-26,545,31,382,6924,432,4,1522,372,615,18,50,0,1257,861,8914,1111,19,2343,71,342,3950,516,0,60
2020-12-27,3000,137,525,2758,6985,1285,0,306,264,1143,1692,1065,458,0,5772,453,2270,551,500,0,583,1837,200,186
2020-12-28,8224,3120,3126,338,322,0,447,4182,2537,53,596,306,178,1542,6605,232,3822,176,0,593,65,400,303,90
2020-12-29,197,2774,2411,289,56,1040,590,0,5000,948,628,0,0,1492,263,59,1069,1552,0,1183,123,3398,0,611
2020-12-30,63,405,132,637,0,0,0,500,83,0,129,4288,807,2642,670,4590,2396,46,2105,0,2634,0,291,200
2020-12-31,1092,1093,230,1755,43,580,570,76,15,0,92,4002,682,652,3431,119,196,847,2925,349,1306,0,2603,44
2021-01-01,50011,17980,331,2416,503,90,0,1051,789,760,839,1500,3526,0,332,145,388,0,149,969,204,8264,1719,0
2021-01-02,606,273,2585,153,5844,328,1000,712,640,542,986,393,261,51,94,4559,0,2117,516,80,4378,36,640,99
2021-01-03,7013,4075,313,3469,0,977,2,89,31889,19,644,397,3000,100,1030,1782,175,2825,1303,201,198,2436,52,1132
2021-01-04,147,3621,200,195,13,6,0,633,0,19,0,4990,50,163,54,1809,1015,537,279,254,1504,0,352,164
2021-01-05,938,132,265,693,245,111,1396,546,2768,160,0,157,10541,963,2011,3270,557,744,4,386,511,253,325,51
2021-01-06,6470,0,3163,1445,0,215,481,2576,5315,0,1984,0,94,64,3149,8590,53,2673,4976,339,958,16,5775,546
2021-01-07,734,856,863,2140,103,420,60,0,50,614,0,381,754,227,21445,176,48,100,169,18727,1897,36,2376,16
2021-01-08,847,3030,0,17,313,0,102,0,2977,283,710,1380,55,2153,221,736,167,4214,1075,974,520,78,235,845
2021-01-09,134,25870,472,339,765,99,4803,3322,10054,482,119,766,3292,653,1478,405,1801,413,2963,1928,2007,731,212,726
2021-01-10,2861,448,5874,585,239,0,0,629,1382,247,667,184,116,280,2190,1555,433,8251,23,111,1084,399,190,3071
2021-01-11,2000,98,17,1173,0,555,134,0,10,1162,500,0,231,0,525,794,2842,443,9602,1714,1145,2971,799,0
2021-01-12,1857,8106,282,728,0,911,4040,113,2681,0,2841,892,5103,0,1073,22266,10088,1424,3924,4634,5934,5121,2632,52
2021-01-13,215,1937,1648,200,153,0,0,409,195,854,630,130,355,283,1147,163,9893,3850,3009,662,283,3326,0,83
2021-01-14,2783,853,2063,1378,65,0,0,1430,193,996,179,1258,2141,1706,905,243,1133,200,0,6117,2097,1223,4827,1493
2021-01-15,1751,9492,1829,128,102,6219,1241,0,432,0,1280,256,156,4174,1748,3744,2056,2268,191,780,379,0,179,9890
2021-01-16,10350,70,12568,5044,3870,100,0,0,835,101,309,400,230,15801,837,84,0,0,0,356,550,2237,55,0
2021-01-17,0,2001,1089,519,0,510,542,39,1658,542,1500,1524,0,426,1791,951,587,525,1352,432,728,15120,302,225
2021-01-18,79,8100,92,7601,1500,245,751,772,734,465,59,0,1379,23074,1045,810,3444,520,934,107,5974,2356,1051,192
2021-01-19,470,6953,34201,84,5251,333,942,335,0,431,26728,648,10,818,1402,41,33,3848,995,680,1020,2219,2040,500
2021-01-20,3779,45583,200,270,244,0,1176,203,1033,129,720,1617,1797,800,1553,697,308,349,111,6766,40,356,57,0
2021-01-21,13,377,610,0,529,262,14,130,15563,1606,13,0,101,0,275,91,601,0,135,6858,5137,30,2705,2365
2021-01-22,614,28392,4999,1985,1003,2352,563,107,0,535,465,148,888,204,406,7531,667,15,1852,3052,180,211,1359,429
2021-01-23,893,136,1900,1127,14093,0,2937,68,123,54,6658,1044,0,13,211,0,3631,9000,1380,200,245,254,16263,2103
2021-01-24,1553,341,95,0,3530,0,5909,3817,436,3009,0,0,687,5535,1278,13968,30,5998,7646,1427,0,101,18,824
2021-01-25,2662,3824,624,1861,4202,1521,93,100,0,769,350,1828,3450,227,3500,1785,2554,941,93,24250,602,36,1103,0
2021-01-26,67,176,202,1416,3588,302,626,34,2844,37,7277,942,182,0,922,1468,0,5951,19459,601,0,1231,748,50
2021-01-27,209,0,7,115,0,47,367,20,1101,50,7886,1000,5658,5393,1363,7879,303,260,2090,528,2242,1,144,5503
2021-01-28,2004,3055,1371,134,2929,2143,214,260,946,14896,580,927,2433,15376,2336,7577,909,41,35,2974,57,970,2,499
2021-01-29,5783,14,680,1426,972,712,117,6000,8696,482,1822,124,932,47,1700,8900,2182,4831,1476,731,0,81,374,1172
2021-01-30,2310,13,1447,39,0,932,600,395,100,0,22,611,526,252,2558,11107,6267,7802,731,486,2601,0,428,7572
2021-01-31,732,47,122,2233,194,5386,633,5,0,1892,113,0,79,180,4527,1750,1242,1024,128,1206,4018,225,712,167
2021-02-01,175,0,98,340,57,4,280,0,128,0,2990,27,311,1548,2042,3300,1252,9607,656,2125,12024,655,50,0
2021-02-02,3184,519,110,100,496,239,3679,513,144,0,307,0,980,3147,158,71,174,212,3200,6690,1100,750,335,0
2021-02-03,1997,163,58,0,0,99,0,0,657,19,56,73,17,1324,231,354,382,817,6526,950,29,95,211,0
2021-02-04,2682,2243,0,1455,3292,0,233,0,330,893,1692,2294,1232,0,1260,5478,774,4977,10,253,0,5488,100,59
2021-02-05,1541,346,0,85,0,4541,6886,368,7,70,297,1046,1347,2646,1006,14223,841,0,10,0,1936,6,370,0
2021-02-06,6136,17,539,0,138,833,1031,1723,0,850,2556,2500,4285,4432,0,156,336,0,519,1864,1400,239,295,87
2021-02-07,17165,200,1967,5063,178,0,347,0,2585,0,1000,84,309,463,1813,250,1269,6205,671,2722,313,5286,335,1308
2021-02-08,5072,3206,1303,416,180,0,532,551,3567,708,2039,0,0,50,637,432,2756,1919,16121,5165,173,1628,1615,3329
2021-02-09,416,2307,32,546,326,0,962,1874,1563,1122,28,0,296,783,10245,1810,1079,1471,3328,9834,431,802,152,253
2021-02-10,161,226,532,2016,485,14447,1379,364,175,0,2274,30,50,730,1094,60,8486,20221,2734,693,1639,1992,2616,571
2021-02-11,274,1856,16777,0,0,534,48,0,794,397,1100,16,7394,678,8246,1820,147,821,81,174,208,705,974,848
2021-02-12,2626,6343,139,4500,346,22589,1726,11375,260,10,19,94,36,125,2998,2747,4874,1972,191,0,1091,1393,201,56
2021-02-13,19007,178,15355,0,122,591,527,56,19,168,530,5,73,256,784,1589,11304,174,6634,624,32,0,10442,75
2021-02-14,803,3000,6700,252,204,1232,1222,437,0,215,0,791,0,343,150,30,711,2790,735,145,682,965,68,0
2021-02-15,855,248,86,100,185,17254,173,274,17,0,814,1062,47,14,1124,1891,18,2245,4366,451,113,6274,478,900
2021-02-16,251,2347,5203,0,444,141,87,260,90,681,1500,1547,320,2973,1476,375,1031,2878,22,2778,115,242,234,8
2021-02-17,2066,2009,347,1946,3532,6184,89,1327,10,34,1006,29,1003,2359,1007,1274,1897,14115,1277,132,443,338,1862,569
2021-02-18,47,4590,59,233,760,691,362,15,1600,192,1153,1167,0,219,139,192,438,466,1538,0,1585,5359,50,249
2021-02-19,4561,1,643,0,0,1681,3000,0,840,100,185,0,395,0,1354,9,1569,44,2364,49,1959,242,2108,10187
2021-02-20,824,0,339,0,4893,0,270,145,134,995,99,0,466,0,3179,0,2670,5430,1014,750,0,366,1826,166
2021-02-21,138,2733,888,100,254,461,619,618,480,0,232,117,1250,9792,663,326,2400,1170,432,800,844,244,577,165
2021-02-22,1130,528,2015,510,1266,0,743,0,0,30,2055,0,1546,12885,1335,978,2861,22,14491,297,489,269,173,739
2021-02-23,19,3954,4234,481,3081,84,136,1812,872,1,171,0,0,527,1047,6500,94,667,679,4062,224,409,114,823
2021-02-24,748,568,5872,96,549,0,219,252,3644,136,8502,38,1190,2312,683,0,196,237,2247,89,628,73,500,95
2021-02-25,680,4477,554,375,0,110,7538,1000,300,190,1023,3000,0,8968,1039,316,81330,155,173,1029,267,0,557,944
2021-02-26,1705,191,494,827,19,687,0,378,255,249,4028,3870,7840,180,2579,1521,385,16204,1465,0,290,330,8026,1415
2021-02-27,2067,642,148,1693,5047,125,57,40,551,791,4804,0,157,2544,7880,298,45,1347,5971,0,792,215,48,344
2021-02-28,20,1392,475,116,384,94,5201,0,548,216,320,47,79,1171,97,1125,11218,86,1147,3,437,577,3365,0
2021-03-01,1481,13,0,126,470,6658,148,5081,39,100,93,17050,0,4792,1356,5230,1695,4616,1797,5620,1784,0,97,9
2021-03-02,160,5362,6140,66,1709,0,0,909,1330,109,225,0,1141,145,637,186,1314,6450,2175,0,119,248,694,0
2021-03-03,2490,75,1255,1105,1071,0,3351,25,0,109,232,98,17,165,388,755,8543,5315,443,6235,2035,1192,2186,0
2021-03-04,4988,372,6835,524,18572,623,132,1161,0,346,462,103,145,1925,4287,750,130,4830,3123,3758,2453,3381,104,1589
2021-03-05,694,15278,96,0,9011,2106,500,9,0,200,1086,0,229,992,375,1115,1459,1880,519,202,274,0,1201,801
2021-03-06,2327,2241,6,65,899,0,49,379,0,185,2331,598,472,1012,7402,2355,1326,76,7087,0,7841,677,320,112
2021-03-07,787,81,386,1,1504,2221,0,528,7,0,3030,0,23,958,538,89,293,248,0,51,865,287,1854,1
2021-03-08,1776,2297,307,1189,803,1024,0,0,0,258,204,487,855,44,420,170,514,11,7081,1000,764,4,10967,0
2021-03-09,7265,1102,0,0,148,1000,780,303,0,200,301,581,1157,342,14000,1751,842,1049,1207,2314,3165,4638,61,3729
2021-03-10,269,111,1134,759,2832,373,2,4,30,37,506,2208,31,309,1788,75,3833,1594,1184,8783,10,1242,395,1566
2021-03-11,444,673,5778,5131,833,1552,10,987,6311,29,0,452,21,1269,1454,250,16077,1333,3554,392,435,2322,3383,215
2021-03-12,100,303,1947,10,436,283,295,788,313,0,1000,0,615,2661,1006,31,381,780,636,230,563,9508,1856,6555
2021-03-13,1204,1157,42,250,1031,146,6,425,1476,100,964,13,50,1453,191,102,116,1198,43,482,392,14321,916,874
2021-03-14,3405,2167,1021,50150,715,90,29,0,3815,263,1803,1924,29,2055,1035,242,150,1128,397,850,272,2571,893,836
2021-03-15,3308,669,109,14521,341,0,15793,2000,0,0,103,571,1981,179,249,1090,1993,12034,2416,4652,82,0,421,181
2021-03-16,610,349,20,2049,0,0,275,1490,115,49,5180,0,218,1182,299,509,17,453,2925,1338,1599,5325,88,1550
2021-03-17,8740,260,1312,933,10156,499,787,2610,0,0,1554,1340,290,800,1516,4024,1072,393,1681,0,83,17254,110,1436
2021-03-18,5389,222,917,55,150,305,180,345,0,3229,736,6300,1561,348,530,241,487,35,1224,523,615,1608,97,12549
2021-03-19,260,985,10113,388,517,345,798,7275,576,64,1273,2000,2069,1495,3073,1263,49,20,2972,18,140,13,2847,849
2021-03-20,703,20,5073,4268,0,230,26,0,0,837,0,10,0,227,1477,3634,1052,1824,1379,279,139,6907,1603,1805
2021-03-21,582,1279,827,22,93,210,0,479,40,0,101,0,1079,1162,2517,50,7070,838,1865,972,2066,294,886,17
2021-03-22,3674,6061,1118,63,0,1419,23,0,2043,0,337,8527,0,783,9108,169,1021,185,0,1425,744,494,1327,0
2021-03-23,650,1198,4950,440,230,363,5,35,1000,1156,0,1778,1375,12391,785,180,1587,4605,149,1845,992,610,1665,856
2021-03-24,10419,2090,4850,1,275,971,2227,0,1299,526,200,90,138,2,685,97,623,3089,3664,743,3,2166,1132,300
2021-03-25,365,1912,367,956,59,631,0,104,347,8,1206,2568,380,726,1000,4424,1046,84,2082,2631,2564,1290,1314,2832
2021-03-26,997,3448,36015,564,0,46,12,430,401,2600,512,1592,0,26,13,7,433,0,103,2420,85,125,271,15
2021-03-27,213,1456,142,0,12132,0,488,0,300,4,1260,631,84,652,0,1682,1704,174,2000,190,10280,183,1854,296
2021-03-28,800,670,417,4821,121,6003,661,270,130,31,749,20,0,100,7043,555,625,0,341,1000,0,36,6758,0
2021-03-29,1874,2020,282,1583,0,1670,1709,1024,1235,0,1532,34,1507,31,2251,5018,3154,226,240,2106,2758,60,1662,3274
2021-03-30,6125,275,1724,125,635,26341,0,0,230,536,413,993,1126,736,3589,565,2899,1097,978,1243,484,43,190,0
2021-03-31,28,833,3980,123,50,0,50,133,32771,0,144,128,4393,53,4232,1973,11175,2112,22807,97,2032,207,440,216
2021-04-01,258,15,137,13390,2025,0,0,0,620,60,2729,3893,2452,385,5671,8693,1065,908,138,613,0,975,564,759
2021-04-02,229,200,0,37,0,111,700,5600,18365,290,0,26,930,513,34,9066,1704,2,6039,201,399,171,2691,7977
2021-04-03,1592,0,45,0,236,103,0,1540,6053,0,200,10641,449,1271,0,8,150,165,531,69,834,2100,30,0
2021-04-04,784,0,9288,680,0,0,3671,63,43,0,5782,3571,649,4588,2126,49107,2563,193,2340,3840,5885,641,1616,355
2021-04-05,12997,8780,568,1551,25,2007,2,12,327,355,1118,325,47,20799,117,36549,1850,1970,67,2020,1118,15,5984,215
2021-04-06,2356,642,7301,61,328,77,53,15,318,1190,26,2069,501,780,3408,1214,10882,464,199,1004,60,10124,569,1737
2021-04-07,1400,907,501,0,3197,1133,20,0,2053,34,0,170,0,6738,401,2,3535,3329,548,0,2187,0,76,619
2021-04-08,0,4888,2296,726,9,153,16,0,211,9690,175,1829,128,294,3,1013,23563,321,52,2430,0,0,359,0
2021-04-09,267,153,1,0,38,50,5,132,0,140,393,0,1759,606,1593,0,1917,323,547,150,480,295,1105,99
2021-04-10,3435,162,4630,770,2052,100,141,140,4924,104,2573,204,211,1819,80,140,2565,3,0,506,113,3100,2011,3797
2021-04-11,655,1150,3000,1156,22,733,838,782,189,11974,874,306,614,1655,1506,277,153,1016,1003,27,249,216,91,100
2021-04-12,1678,193,4315,374,8,367,754,13600,967,544,3688,761,511,8136,1453,1460,6021,7904,26,122,135,4136,1594,0
2021-04-13,1021,5979,77,1204,0,141,30,2012,776,47,143,47,54,545,652,105,37,476,3151,104,214,561,3321,3422
2021-04-14,1835,1074,151,678,3699,259,0,1000,356,292,0,140,466,2402,85,937,694,5486,552,664,207,0,2853,15
2021-04-15,1515,3616,809,4886,0,7631,0,3435,82,0,117,5262,0,1348,95,594,1235,3390,1360,0,92,905,1331,418
2021-04-16,541,0,5450,0,212,485,315,0,0,130,1981,564,803,300,1177,523,88,1382,1184,1106,211,546,555,147
2021-04-17,1698,31,40,45,392,0,9,9167,0,682,0,222,121,246,218,233,263,117,2528,33,683,0,130,2600
2021-04-18,278,322,163,660,173,122,19809,994,495,0,4,2695,6667,780,789,26,293,1948,736,1012,116,257,48,558
2021-04-19,991,514,0,1331,378,1985,2315,200,264,0,3207,80,0,3654,876,9360,555,6640,0,846,949,100,92,100
2021-04-20,209,10288,312,0,0,689,1040,242,112,1350,8431,541,469,73,549,1748,1374,200,283,55838,100,260,0,1246
2021-04-21,185,209,6200,433,3309,653,775,349,8240,43,2343,166,327,6,1535,3734,3069,835,55,2966,115,845,682,0
2021-04-22,443,0,724,470,199,665,3059,1319,1241,1,275,0,168,82,3431,3456,47,1879,9592,144,1828,331,231,58
2021-04-23,1811,340,9420,1580,334,151,371,13,79,105,386,133,2161,15380,85,314,4019,727,0,50,10,45,5906,1983
2021-04-24,24,643,20,8600,82,557,481,1260,6365,0,268,267,150,1245,2922,472,52,479,19,0,1387,115,9,34
2021-04-25,4046,2385,302,0,1172,47,7026,4,595,137,392,350,0,564,4583,251,685,1005,0,0,15751,120,361,1330
2021-04-26,3395,5129,2301,42,41,1438,155,0,430,417,76,742,320,579,756,892,2944,454,298,108,2692,2031,1010,805
2021-04-27,200,12,254,179,6057,657,470,0,22,0,728,4139,318,41825,227,745,865,702,854,228,500,31,758,411
2021-04-28,759,899,5,3084,129,50,22,362,895,312,207,3816,0,212,7079,2260,5792,1079,727,318,42,1716,300,1700
2021-04-29,2065,1610,250,300,130,1450,783,0,6,84,500,78,2693,179,286,0,606,182,11598,2190,1625,57,73,21952
2021-04-30,5019,1990,7719,177,785,2613,1044,9458,214,0,135,1065,690,3386,1882,83,8980,220,223,140,1206,2184,77,557
2021-05-01,192,8840,11079,704,0,363,250,5,1243,482,0,10,191,140,183,1410,2056,102,3459,1374,1144,14576,5326,4546
2021-05-02,375,6703,1586,419,310,257,80,6,38,10,13,1357,125,1879,81,622,3584,15000,994,393,1205,1852,67,0
2021-05-03,6755,625,4723,409,32,482,1784,562,62,0,351,6421,2823,971,55,548,7486,20,67,0,111,667,132,500
2021-05-04,1592,615,1246,900,51,0,1855,291,0,244,784,101,1024,638,769,1170,2330,120,398,55,3521,2645,1237,3456
2021-05-05,1059,0,102,30,1429,1051,400,21136,2534,1909,628,904,85,2537,281,9204,3816,1705,530,1088,669,269,6506,598
2021-05-06,4520,26,1122,136,163,2009,1132,180,227,45,379,767,5,319,6888,0,3607,622,2744,1262,432,993,12222,126
2021-05-07,1182,1115,856,300,516,18,69,935,200,0,670,880,1902,3473,666,140,1870,627,538,1630,216,0,917,6017
2021-05-08,73,9764,1372,5,0,1508,1,74,11,275,0,2640,1899,11773,806,469,5535,370,1048,586,28,3553,496,116
2021-05-09,4565,417,6176,0,11439,5603,4127,50,491,1382,603,80,1373,1380,4027,1918,1034,13155,1428,729,1694,1022,367,1268
2021-05-10,96,914,820,68,21,808,1263,130,6,115,36,0,730,1813,596,462,1309,100,0,1001,294,15,68,1470
2021-05-11,1186,92,1968,5,2579,19,372,93,0,0,0,812,738,14302,689,163,652,3039,1204,0,0,2555,62,4226
2021-05-12,391,27,4059,412,1952,527,3166,90,318,573,343,190,2424,109,923,2187,478,66,3072,1126,370,720,4083,4107
2021-05-13,115,451,1413,89,885,2359,1035,3486,94,421,1144,113,3746,691,311,1328,1250,63,1446,5092,541,1,17,121
2021-05-14,182,556,875,240,0,29,26476,860,1550,39,0,1292,4393,942,5515,951,1627,601,685,389,536,4,83,736
2021-05-15,1633,1986,290,1479,822,382,8416,146,357,263,54,8038,2077,0,62,168,2982,634,1941,408,396,20,1316,1003
2021-05-16,353,100,3230,3802,560,628,6300,380,38,2154,482,14,12042,1535,521,340,0,40459,1789,246,852,0,1198,361
2021-05-17,2156,562,2186,379,5133,3207,109,1166,301,27,642,178,4009,1871,470,1293,213,50,550,6412,22,1651,238,1411
2021-05-18,745,2146,1368,16,851,534,993,5569,53,173,145,2,3162,2638,1019,750,481,594,2484,710,311,127,186,92
2021-05-19,1472,422,316,1291,880,371,804,688,393,653,2895,1285,141,266,1691,93,1602,3409,1229,2713,264,1572,15381,153
2021-05-20,381,698,1202,1386,8001,352,1331,1328,1481,41,0,2397,4715,1517,317,535,197,18,1727,29,0,5873,955,585
2021-05-21,1611,1565,265,554,90,23,1867,528,498,620,4205,770,2018,186,685,1219,820,3365,717,0,45,0,467,2080
2021-05-22,9637,190,1829,1625,5217,718,680,188,984,1000,0,1566,934,5624,1573,3345,489,431,282,7093,200,2823,535,2985
2021-05-23,8,217,1700,2855,4039,2174,122,0,89,11,882,37,5838,0,202,1022,205,1248,3590,2815,135,2754,2961,5611
2021-05-24,4336,410,4478,416,583,2686,242,1229,0,90,1294,165,420,65,1201,60,281,850,2266,471,143,0,988,312
2021-05-25,475,2057,150,4566,313,455,358,651,45,0,821,1058,11121,0,307,153,0,842,2229,0,1000,668,138,0
2021-05-26,4843,377,977,131,7,687,162,2038,1297,21,1227,121,2344,3000,141,8043,391,100,685,805,1514,1895,973,870
2021-05-27,89,18,369,1564,2249,589,684,4915,110,219,0,3035,110,241,1392,60,1574,105,2423,1767,193,1149,1744,433
2021-05-28,18119,1651,1399,554,2299,1966,1572,340,0,0,263,4285,685,3380,267,193,2136,1381,1272,249,628,608,930,695
2021-05-29,1574,8312,959,12,2556,1090,1626,226,342,9,232,101,548,5568,68,67,686,1393,2694,2084,2596,6915,100,657
2021-05-30,508,864,430,1489,452,50,213,115,415,729,5446,5906,310,70,600,2203,556,250,118,0,2129,0,784,0
2021-05-31,805,0,1270,0,154,169,9,4023,430,230,509,0,178,588,331,100,1076,727,1829,0,15,1168,5053,1733
2021-06-01,1744,1191,279,27229,2923,13,10610,945,314,119,874,528,744,228,1432,642,300,11,1646,197,0,0,227,7895
2021-06-02,1645,7106,21067,436,275,38,40,139,4843,282,586,488,395,864,2492,1194,258,139,3178,3661,1599,10007,6771,1027
2021-06-03,1018,8,61,6540,1036,3238,854,0,1781,1328,0,53,1080,391,3230,67,1043,1129,659,64,3719,717,235,141
2021-06-04,2025,423,1321,100,2919,0,1352,0,1184,307,615,26,498,378,1329,912,150,194,1323,1627,133,70,5321,1443
2021-06-05,365,1287,370,0,58,47,1619,0,17,43,234,55,3783,163,2471,49,437,243,159,143,2233,69,292,0
2021-06-06,87,1577,420,292,757,168,336,918,30,0,176,1187,1834,2002,396,327,376,79,593,177,384,11,1097,12283
2021-06-07,1424,336,742,463,360,265,2460,442,564,0,421,74,1189,353,6030,716,2626,29,2586,8,678,451,415,1395
2021-06-08,3754,1414,2421,148,2118,324,89,225,0,2161,540,4662,236,83,6851,1083,436,43,55,56,2110,221,1903,63
2021-06-09,2136,181,806,18,350,2445,735,303,1000,1000,2008,38,1263,2088,1595,487,175,76,30,521,481,0,470,3008
2021-06-10,185,148,1037,371,1372,3,76,120,315,339,1228,1463,1261,34,500,274,3015,312,1220,7277,0,926,240,2865
2021-06-11,315,320,1261,1591,7,138,24,1177,371,100,260,99,74,704,1113,1534,2802,40,9530,2,8218,218,50,184
2021-06-12,2459,1068,5037,3805,1485,16823,1692,281,1500,1605,71,9,1710,2177,2974,33,641,4364,34,90,6505,1764,857,0
2021-06-13,620,1152,2120,2974,1613,167,20,0,91,4100,77,113,5,92,50,548,655,155,2446,1029,794,45038,5581,1799
2021-06-14,1314,3287,253,846,3786,516,521,248,450,20,326,1608,592,36,5513,4035,245,649,2021,2007,1693,75,147,2977
2021-06-15,30,4910,5,1381,1382,4,404,0,3387,211,1333,350,7,1014,1400,36,80,7233,1169,95,3635,1397,2426,8
2021-06-16,2907,728,1704,149,5272,123,6847,22,300,176,146,1871,1431,658,3841,2507,2045,138,65,609,320,2602,402,1007
2021-06-17,1343,294,30,116,413,200,149,507,5,34,1996,1266,8224,1377,239,1523,691,385,7103,14,0,180,1474,23565
2021-06-18,394,305,371,1123,1004,1462,1189,13,0,19,325,173,151,60,2248,1059,7964,0,2351,288,27,688,1741,1511
2021-06-19,429,449,6479,2316,129,4518,20170,191,3754,69,35,138,4862,50,1212,15432,2187,607,382,895,1244,3327,700,13
2021-06-20,30,3092,122,187,1835,969,28,0,150,949,335,15364,724,152,643,1457,1052,221,693,1097,31,633,2248,1577
2021-06-21,4035,872,3916,4101,2484,480,174,629,96,0,100,778,1485,4888,6142,10058,678,96,745,215,2004,1083,4,3670
2021-06-22,436,320,860,721,486,1449,0,269,0,636,1479,194,1440,0,243,46,97,1222,1816,3503,1703,0,11242,1326
2021-06-23,50000,1033,3052,1105,388,0,6637,449,3050,116,0,610,68,510,264,2495,4841,160,4642,203,69,510,1949,11
2021-06-24,6393,638,27,331,40,868,0,143,25,0,278,473,531,4046,23,515,1808,22368,7210,1790,1413,1254,262,629
2021-06-25,270,150,220,306,1067,0,894,126,45,4534,283,1919,172,309,289,11341,710,314,938,2118,3370,98,1139,1242
2021-06-26,916,262,21,0,206,177,25,0,2098,95,15,30,1491,37,10000,33800,26077,825,3019,8193,1884,192,20,940
2021-06-27,1469,278,1100,1621,16367,4046,2193,103,785,5093,20,120,66,125,243,1713,3186,1127,443,3408,2031,195,676,174
2021-06-28,1488,283,194,431,656,0,1912,355,1152,20,731,220,271,7,3487,2114,2998,3072,1694,2687,264,0,887,105
2021-06-29,150,23,1474,707,31561,1212,982,5436,300,4409,106,170,43218,686,4515,2396,16027,1471,17166,190,30,2085,138,0
2021-06-30,1922,535,3121,3059,2607,813,889,1660,100,423,380,777,180,0,5812,4536,567,1058,1640,246,1479,1368,864,35
2021-07-01,1827,966,3978,2152,300,678,4156,547,513,0,1314,2137,725,190,949,1034,687,1899,658,561,2782,270,90,5120
2021-07-02,300,100,132,1281,1052,170,1374,5003,50000,0,43,2885,1167,295,219,493,146,36,200,42,18865,316,30,12087
2021-07-03,3512,45,707,5366,9648,44,286,0,1000,377,4445,0,5000,9279,1027,350,2142,28799,1021,0,44,74,1754,300
2021-07-04,1119,1845,1547,247,275,190,3299,4493,3834,605,2461,0,14,0,2322,2860,470,10547,2598,808,237,703,303,1678
2021-07-05,513,111,550,584,2,174,12,0,556,497,621,30,1286,16,196,27419,1113,3917,1915,321,9949,269,150,308
2021-07-06,521,414,83,1443,0,2369,2516,7,10,1367,8,307,250,423,2603,993,800,87,71,102,2076,23,11895,8
2021-07-07,7267,2367,5654,3798,2410,1838,23444,487,670,301,2041,157,2,78,327,250,1519,599,2929,501,728,6198,2417,137
2021-07-08,918,7036,358,1223,47,200,1455,204,1401,0,0,340,2000,1652,1140,1110,10,1619,11,419,860,1889,2087,1548
2021-07-09,915,276,1255,912,504,354,364,163,177,260,383,829,5939,270,8302,0,342,468,763,1724,29,1027,11179,482
2021-07-10,1025,841,167,948,4004,1926,108,40,500,29,769,12386,386,0,4769,479,8255,9100,1251,725,141,2385,794,43
2021-07-11,311,1728,3646,736,10017,1888,2255,80,1147,800,283,407,985,1060,91,496,119,0,2509,6570,35,588,411,350
2021-07-12,970,2882,1428,126,11955,1821,3991,250,1450,361,7,696,30,203,409,462,712,190,1689,50,83,348,354,101642
2021-07-13,74,29,236,257,2134,1675,716,39,2715,4,302,599,1125,0,2049,30,25437,15559,986,1286,1455,68,1247,896
2021-07-14,731,20,1044,676,513,163,1342,0,287,312,0,1060,0,186,3126,707,0,2069,212,2378,16268,2107,1202,3028
2021-07-15,1137,325,3281,0,2682,6437,202,0,1746,0,1834,63,4155,1395,426,536,360,1915,1068,1,172,1641,1186,476
2021-07-16,1039,4371,6000,1263,3484,1382,0,0,2815,44,62,341,386,873,1335,3631,183,23,67,1089,4207,82,269,330
2021-07-17,840,1442,1126,900,1539,791,1226,25,1421,1371,4160,7138,299,1194,1411,255,76,926,159,180,866,612,10451,5412
2021-07-18,1015,195,421,15,11,4,6401,61,1200,92,7191,208,31,608,919,1311,2799,956,1773,2508,653,1000,2073,195
2021-07-19,2725,5,7539,792,967,358,1351,130,577,437,1865,317,1693,100,11499,1638,2841,38,2052,350,1527,8033,1660,648
2021-07-20,93,16021,8799,25,3852,50,16276,3920,114,80,2667,461,285,1168,292,280,1374,328,3275,188,586,1878,334,477
2021-07-21,160,2334,475,1902,814,6571,100,570,199,811,2897,2595,141,3542,1048,946,1112,923,1577,0,1548,1118,908,2763
2021-07-22,758,6406,839,226,471,276,317,100,1655,1861,383,413,1221,303,860,438,259,1605,61,270,0,114,390,354
2021-07-23,2979,1732,2668,1853,263,1876,280,166,269,1717,4989,0,784,7966,199,2596,1443,449,1915,157,1375,50,1500,3294
2021-07-24,482,2043,2258,1827,1075,551,417,615,1345,1093,267,20,0,2275,1320,25,1391,2000,1098,390,871,1229,34,2237
2021-07-25,3027,399,1728,425,14,89,0,414,148,2315,674,0,0,2010,1594,261,2912,4248,1795,1241,1144,1902,1387,863
2021-07-26,11132,6362,313,338,418,200,1100,861,2351,2165,0,765,0,253,1800,1378,116,42,3307,252,1659,3329,2642,100
2021-07-27,160,2716,958,869,991,234,11597,885,150,1772,4305,0,200,126,690,1778,301,467,1922,8,606,412,360,1065
2021-07-28,753,1226,1798,733,3127,436,3855,0,170,497,24,700,542,0,0,556,1442,1139,782,12300,0,2325,554,186
2021-07-29,3383,0,333,183,5620,516,1304,279,2882,3076,555,0,0,711,2567,493,1330,473,1000,111,599,984,1156,810
2021-07-30,352,57,1433,2069,734,7195,541,764,1243,60,686,1055,1694,10015,112,338,349,4940,76,0,409,147,199,2333
2021-07-31,651,1593,1151,315,605,3458,2037,346,28,1067,1309,627,1690,307,18,136,37,800,603,745,2905,2976,1532,956
2021-08-01,257,0,2005,725,323,5991,0,527,170,30,479,0,1395,84,882,656,208,628,140,10369,10,2024,15848,7
2021-08-02,2679,30,100,1052,1159,0,347,282,3322,254,629,30769,927,4011,2653,1244,718,2473,1931,1101,1207,1058,300,63
2021-08-03,1863,2625,8071,5000,23,1345,969,810,841,14,75,484,1267,1871,252,1491,9410,1375,480,270,2433,207,2708,198
2021-08-04,486,6514,2900,249,228,300,3556,20553,1154,332,612,1995,137,1740,986,82,850,0,1017,687,967,4447,1791,7529
2021-08-05,15233,201,1200,36728,75,0,59,8490,102,3146,661,273,78,4544,2277,4329,0,47396,1457,42,294,1610,851,428
2021-08-06,2268,6741,40,120,3269,0,1495,0,11568,0,1503,1817,63,1027,607,70000,3722,403,1597,351,130,0,204,82
2021-08-07,1838,4670,157,2394,853,0,285,617,857,2520,30,4480,1937,200,1006,257,333,0,709,73,3046,459,1907,0
2021-08-08,143,1683,113,117,0,265,1013,180,653,120,644,0,2393,1544,1210,95,1822,92,52,459,3,373,210,156
2021-08-09,6042,884,0,1093,767,2859,205,0,150,41833,64,380,284,0,4,907,1597,245,8284,264,1217,700,2273,408
2021-08-10,3645,2543,2279,5983,5863,5957,2550,578,844,350,1171,171,1329,0,50,832,2831,1414,7,0,0,54,939,198
2021-08-11,2908,888,24,45129,482,0,1088,4604,105,1024,0,3186,134,0,506,5756,2295,683,5299,888,342,402,3430,6043
2021-08-12,249,3006,457,1019,67,0,0,633,1103,109,1284,724,260,30,832,951,36,1194,2501,413,182,1398,5568,7834
2021-08-13,3405,50,6731,602,170,850,981,2,905,244,306,560,664,492,2391,600,353,1412,5516,568,536,0,75,323
2021-08-14,5527,1183,2348,674,897,225,236,0,507,0,3011,58,0,716,4034,838,3192,1548,1087,77,2156,205,64,2267
2021-08-15,1302,847,123,234,2057,848,1351,8,1255,321,488,40,3328,3500,400,0,783,61,1521,28,369,757,0,3305
2021-08-16,917,4157,3930,302,733,1889,7806,1408,6566,42818,4372,1373,3352,55,1056,60,612,3366,1309,28,1191,333,198,14424
2021-08-17,2320,16679,666,79,146,0,360,1063,48,285,0,0,0,2784,2297,65,942,1130,9870,1513,443,1154,972,4633
2021-08-18,2248,1149,823,3209,2301,216,321,9239,759,0,67,2003,1076,23135,2602,448,4858,47,50,1020,3217,229,1682,734
2021-08-19,589,4141,2863,1992,1676,191,27,642,297,1080,0,19,100,1557,2424,5719,426,2626,459,421,1988,1305,419,3355
2021-08-20,364,3838,7472,223,125,1097,2200,0,769,1873,1217,1055,898,2368,422,1664,15768,500,1481,1313,2572,156,3,522
2021-08-21,10071,136,99,199,2981,1974,645,766,6368,891,0,1000,537,394,297,72,376,1924,1655,0,306,136,17500,2147
2021-08-22,1277,400,12,129,125,328,200,89,866,1437,61,350,212,587,1349,861,2149,383,142,1316,261,0,420,2573
2021-08-23,3162,365,3017,1075,0,551,4810,0,1464,4052,0,1836,0,850,3009,150,354,268,2000,774,4,150,0,1318
2021-08-24,8,4474,2178,157,739,7006,2907,667,794,1683,577,946,8,272,313,284,213,2300,1021,522,370,3000,411,4096
2021-08-25,1418,6138,2980,1019,1104,1685,1307,0,1346,495,0,485,757,1036,4732,300,5029,20,1467,2608,3200,0,1326,933
2021-08-26,0,750,0,250,121,583,1148,100,1648,100,1367,381,1601,4332,770,736,1049,3017,563,1128,1691,150,243,1159
2021-08-27,45281,1075,353,0,2481,155,806,687,1216,0,447,50,521,2694,304,457,444,2684,1294,0,753,1108,75,208
2021-08-28,100,2868,112,375,1435,0,831,1669,4080,1000,971,812,0,35,453,1017,241,4050,1142,537,1952,430,0,5829
2021-08-29,17759,0,6615,46,0,313,85,695,1675,0,40,0,854,67,2609,72,1527,355,780,4674,285,3378,6147,893
2021-08-30,705,1309,360,816,169,0,16,1806,52,70,178,300,2644,2787,1275,686,999,2000,154,1323,1470,45,444,1365
2021-08-31,1400,0,362,388,0,855,1145,1040,1413,1502,761,3163,2343,899,1241,812,475,359,332,49,1055,1987,30,3254
2021-09-01,1189,698,771,973,637,250,0,1081,1147,0,350,107,751,0,338,96,57,1515,179,0,726,0,667,1024
2021-09-02,604,2112,2684,198,5828,3021,18632,0,400,2841,332,20,522,1205,230,412,5750,339,98,400,390,52,120,18788
2021-09-03,2246,507,1273,40,2895,47,872,174,200,40,1300,267,377,160,1334,2913,864,856,856,0,1345,807,22704,1481
2021-09-04,5098,9688,1795,0,2507,46,987,1158,1423,5581,115,375,3,265,4174,4428,75,15282,1228,601,1391,1537,1893,7041
2021-09-05,332,100,4711,1097,1691,0,303,47,290,12663,579,619,79,23,2553,426,1505,1365,2766,3200,2600,267,613,415
2021-09-06,1692,3196,23,706,1607,312,1200,1821,0,144,1732,0,0,394,28,883,6938,1499,300,1213,256,0,190,418
2021-09-07,971,0,9206,2706,897,1206,1014,898,1604,2234,0,715,0,2404,1723,1238,3942,551,4038,1794,43,2566,312,414
2021-09-08,247,503,1001,7638,293,0,211,700,1084,0,353,436,76,4058,0,340,706,2310,228,445,1090,635,40,1265
2021-09-09,2076,9370,2645,261,118,725,50,0,81,7,3354,0,650,3221,887,360,964,23507,293,514,124,81,371,385
2021-09-10,1360,108,1651,2586,334,74,0,843,0,356,2334,279,3952,1115,667,519,8594,0,1722,3093,70,953,1008,0
2021-09-11,108,1517,1144,0,370,761,1055,1156,1327,2425,674,0,450,143,1062,3474,5648,3074,408,3754,0,223,0,0
2021-09-12,427,5908,575,100,308,500,398,85,995,375,730,11000,1256,306,1474,2105,1126,1558,1447,62,1200,275,1973,1546
2021-09-13,978,599,610,3060,2,4751,254,2656,2519,100,608,162,1079,3391,762,868,1000,4206,1736,171,233,3582,244,129
2021-09-14,620,2448,1211,2436,422,0,0,1006,2819,0,2387,2675,2278,840,83,483,3367,31517,3161,1021,988,4465,1749,560
2021-09-15,1164,277,890,1832,3057,768,8480,4668,1296,248,500,0,4548,426,2248,790,230,60,2273,284,845,346,1486,1516
2021-09-16,0,463,1200,1690,99,20,3159,0,86,13,333,1,2199,710,2277,584,337,1837,111,782,471,0,101,12367
2021-09-17,182,417,64,0,213,1310,360,16,548,1674,2201,117,0,7,1502,2399,1611,7299,408,2055,8174,3771,3271,10375
2021-09-18,5623,1509,5306,332,34,0,2838,192,8647,500,5544,375,353,1165,60191,3291,909,3565,62,1159,1522,0,2788,0
2021-09-19,233,539,108,2228,3782,32,3639,2241,144,8189,835,15,3479,4957,7711,300,13330,3231,856,0,883,1304,0,1103
2021-09-20,430,588,2990,894,4488,323,476,1800,45,0,5615,2903,15990,913,9025,5776,228,3823,238,949,41,2443,742,11311
2021-09-21,2770,4948,10865,5680,749,0,2642,1845,2796,375,128,1123,743,0,386,25,381,5338,2592,45,528,701,28,2372
2021-09-22,3501,168,1293,0,2291,2237,10638,629,180,1000,240,559,218,2565,2521,944,19,1195,71,3091,2326,1802,374,28
2021-09-23,1955,29,3076,1702,616,110,0,1444,0,748,328,3269,432,3023,9350,5427,1115,230,5,370,3630,1257,994,2023
2021-09-24,1689,372,0,2523,250,8,1797,0,0,696,2877,2901,2632,1000,488,1083,303,3,2378,0,1020,3353,430,60
2021-09-25,2057,512,541,3701,1171,312,310,50,15,85,61,954,580,20,3340,1140,854,1316,1052,6901,1810,0,22194,527
2021-09-26,4164,307,2141,121,1500,178,1974,576,540,3866,0,5194,110,36,2775,4864,6430,5838,2693,10468,1129,965,86,500
2021-09-27,50,300,8510,4097,323,1515,105,0,466,3949,407,44,100,371,3866,2966,9016,34,234,100,180,1601,3601,5772
2021-09-28,2508,367,1491,212,1928,16,2375,400,43,0,1371,1485,417,2864,726,1557,137,790,182,917,0,7382,92,7144
2021-09-29,737,8400,1001,0,361,2181,424,0,1086,797,324,539,1354,5051,420,5691,2005,209,1588,4588,2305,8342,732,801
2021-09-30,16,6813,4492,0,0,1725,568,0,0,0,378,4821,8,340,579,1888,22534,491,1644,1291,4541,146,15,6050
2021-10-01,1685,1258,2625,0,288,0,400,199,4053,1000,20,27329,941,1605,4629,2063,479,62,830,604,1192,18798,7536,0
2021-10-02,3246,729,1073,743,243,314,445,0,0,77,387,1856,0,1925,218,557,0,165,1291,7044,193,0,107,1391
2021-10-03,365,6780,940,12,3000,1922,408,2584,142,1200,504,5,338,13,1877,456,0,1012,5306,662,401,467,4013,298
2021-10-04,35,224,4000,3009,8940,803,710,462,55,1346,151,5786,1229,0,239,4137,8603,9543,2404,2217,313,0,3450,210
2021-10-05,1701,1752,121,663,5116,2916,3804,69,3658,0,983,1794,409,0,5000,1263,572,447,3603,258,0,2,2257,1668
2021-10-06,332,14369,2322,3112,630,6824,27,5340,0,2402,170,4230,331,82,1836,55,176,245,19102,230,1794,4048,128,327
2021-10-07,63,143,1200,253,4617,645,0,0,1034,1896,1057,2480,18,45,1404,956,10,89,493,1000,2451,2252,0,0
2021-10-08,432,30,756,1094,384,1327,7423,101,0,0,1154,0,398,790,10731,57833,726,2766,571,1305,202,575,268,4567
2021-10-09,0,192,262,799,250,200,1400,2541,845,1837,20,3000,63,67235,2222,11996,646,0,2000,1166,2397,2637,2580,445
2021-10-10,0,1560,1596,2115,162,350,1915,334,0,446,1298,1542,451,380,280,6390,4587,273,618,65,5996,0,716,525
2021-10-11,376,1803,0,1617,0,65,956,24,2992,335,47,157,1984,694,342,7153,6353,944,331,2695,3458,234,400,6926
2021-10-12,2497,847,844,0,4392,8598,6018,708,5,342,68,265,2940,812,168,760,518,4995,682,1053,8678,1359,376,6040
2021-10-13,1542,1012,1446,403,1000,1572,0,0,4414,0,0,102,1002,2304,5000,440,70,180,0,1750,0,0,225,0
2021-10-14,1129,7514,670,150,1527,744,1159,267,395,1000,1,200,2367,100,265,472,1377,1286,872,1474,1416,6175,2100,0
2021-10-15,4585,472,316,100,1000,4,439,0,1629,0,0,130,1200,2656,1099,1532,64,0,500,1390,296,281,6184,0
2021-10-16,41777,1047,1191,7117,1204,57615,6063,0,16152,0,500,8674,277,685,3608,302,10219,6999,405,252,0,23485,1087,40
2021-10-17,1784,10215,26,716,1002,700,534,0,0,0,0,121,8,0,260,1042,7,0,1131,784,226,380,0,1885
2021-10-18,4545,3623,1445,1200,441,731,23,0,6683,75,296,0,1802,3577,1991,98,1411,5573,952,11190,1089,1640,61,0
2021-10-19,2035,2419,2396,135,2195,2,0,0,1347,446,2650,180,2151,679,0,2704,1860,331,6162,434,130,4298,30,3932
2021-10-20,737,1205,1368,1842,370,0,0,566,1578,1400,76,107,4485,1369,591,1107,4547,113,5155,66,2230,398,1762,5184
2021-10-21,1450,3003,34,1303,1618,198,55,300,184,970,30296,2569,1237,12238,297,1762,155,434,2245,8981,814,774,254,413
2021-10-22,18463,0,1134,1032,1231,2720,50359,1385,139,0,622,21,200,1651,190,2471,198,2000,709,1884,26943,400,672,4163
2021-10-23,1263,1759,785,371,7087,640,1243,830,375,1304,206,1014,5306,4400,20,184,0,22,13,581,150,112,1504,537
2021-10-24,2563,2630,1741,500,191,4562,50,1126,22,8000,0,1815,546,163,1335,288,10161,1291,1655,37,26,5,6167,200
2021-10-25,3624,116,399,4576,0,1293,0,174,0,0,0,402,67598,7115,348,2705,13919,0,561,9830,407,163,121,25633
2021-10-26,298,1048,781,68,304,1041,3309,148,0,2400,31,110,5665,437,1833,4914,1717,33,2253,280,37943,152,1320,2366
2021-10-27,148,5545,313,1267,675,56,3738,2200,876,1100,249,6403,1162,4120,387,84,329,3400,8300,0,1254,529,1057,581
2021-10-28,762,4162,1140,1039,1019,256,193,0,5403,0,200,1300,3625,876,2229,50,13916,267,0,1531,955,1031,1943,17823
2021-10-29,1059,581,215,0,594,281,295,26,969,0,240,3958,3444,206,413,1276,1323,1609,131,6101,408,2080,8,2164
2021-10-30,281,0,1349,7766,119,2410,6307,6,5381,619,350,2999,120,151,8,500,2385,6,242,366,313,13528,699,120
2021-10-31,2643,909,403,0,1533,519,2998,0,0,10,1066,0,386,4911,82,2416,1251,2028,3496,13900,1411,39,2148,87
2021-11-01,326,17403,239,2230,722,0,0,1293,665,23,60,864,1401,1651,458,3655,456,598,21,8079,10400,6214,16,0
2021-11-02,13280,5307,11503,1282,0,26,3287,1343,1615,438,150,2337,1238,5729,565,1368,760,1721,162,448,1839,3076,1190,285
2021-11-03,1385,2759,2089,419,2337,105,2380,2404,5265,0,3896,40,57,0,1687,11931,469,43,495,684,4948,1250,100,4761
2021-11-04,3780,598,2571,16639,12,0,7690,357,7,269,0,3184,2068,53,960,2816,3152,0,992,337,2027,711,941,600
2021-11-05,1234,13,1985,21,5025,1140,1311,585,580,3150,500,37,1383,1685,30,5,3825,201,500,5469,4648,884,0,1915
2021-11-06,3381,587,274,122,370,2742,13,17,0,255,424,787,4,79,1323,17,5554,2359,376,2172,384,3,5267,300
2021-11-07,1297,942,225,3160,1490,1125,674,0,3214,900,5797,322,2747,18558,404,606,215,1971,303,5064,1712,14,3152,1487
2021-11-08,1271,0,10000,34,543,9277,1100,0,0,4500,468,0,734,61,0,874,374,881,7001,2520,2159,4318,214,0
2021-11-09,390,2396,16398,1811,1913,0,2509,0,50,1300,52,0,1724,2225,115,150,1348,892,2292,219,6225,1438,108,281
2021-11-10,11782,1208,627,4756,775,508,34,339,10,1858,1951,0,89,1552,4845,1421,200,4429,23840,9666,1228,1401,335,10
2021-11-11,2616,596,64,746,366,2542,179,0,278,2235,1337,600,1580,984,543,400,5519,3086,2134,655,39371,422,6685,78
2021-11-12,282,3779,3662,80,6208,808,15256,7778,125,896,0,46,5440,1204,149,3595,2,421,3191,0,300,292,72,1000
2021-11-13,1986,0,568,10,0,4218,0,2729,1436,0,1,0,379,28,1669,774,1,1480,2704,334,1863,536,713,310
2021-11-14,4703,1009,2476,1850,786,0,0,12,12,0,1348,1403,2783,150,12896,104,2238,1000,4,2165,3189,38,4721,356
2021-11-15,5735,4323,3888,2444,50,0,3055,394,7403,0,539,0,262,1931,667,67,877,1312,5067,902,0,115,40,434
2021-11-16,2133,115,1342,264,148,0,61,16,0,111,676,1449,473,185,0,1240,0,0,1064,351,0,2000,284,0
2021-11-17,696,1780,576,253,1290,0,8,12545,3,4310,19,0,950,650,80,0,62,1847,9517,981,851,213,10339,946
2021-11-18,1425,116,29,1238,528,13,427,2500,566,0,0,667,2238,0,977,728,0,913,3639,942,475,2000,2393,890
2021-11-19,151,564,802,1258,42,8166,462,1756,853,3361,3030,1646,1167,283,1867,112,4062,5937,1213,73,5426,3,0,135
2021-11-20,0,13375,230,2311,652,665,565,483,912,223,1404,1,2300,0,1571,0,5,700,1878,4290,100,3289,4,620
2021-11-21,2213,353,1668,4087,25623,0,779,6783,6425,88,275,103,0,183,467,0,4065,0,3196,0,300,7305,690,4557
2021-11-22,0,465,766,7139,1795,0,222,833,0,1000,0,0,889,186,1151,1411,1840,2502,1105,130,995,13,440,3645
2021-11-23,900,1350,130,100,1115,1575,1820,888,0,2510,474,0,887,11611,783,373,336,3005,48321,2316,927,2168,0,140
2021-11-24,1846,333,2162,9142,400,7468,42,328,204,1473,429,800,583,1702,195,15714,268,7713,64,729,51,10,636,261
2021-11-25,1124,1825,367,734,758,1,574,644,5,1200,2312,474,1325,22,9684,201,3160,357,14,7587,72,1389,165,1648
2021-11-26,58,323,313,465,249,2661,2014,1228,1839,814,0,2150,500,0,311,84,1,344,1604,0,551,534,2191,3009
2021-11-27,1942,441,281,1495,1652,10,2700,550,156,165,2132,5677,18527,109,855,353,2764,1555,1040,1,2039,0,188,117
2021-11-28,8946,3311,5436,1495,411,409,5,1350,135,0,4600,212,2048,612,798,44,131,210,1688,3705,185,40,419,1771
2021-11-29,400,2486,2045,41,1602,2200,25,1347,1683,0,1244,0,396,1497,2518,101,1530,666,0,56,492,32,683,165
2021-11-30,2045,1178,2976,2870,425,814,1337,333,0,1375,830,2850,1380,100,0,5852,1230,151,342,1440,1490,794,0,3026
2021-12-01,13596,1657,353,0,186,2042,237,233,257,24539,161,278,276,862,40,2241,12048,179,22,6362,175,1020,12343,140
2021-12-02,521,1976,929,2650,1120,0,400,305,433,5913,1279,348,771,1519,0,0,69,334,533,4200,363,191,1171,0
2021-12-03,957,187,102,0,1819,100,626,0,232,0,325,0,778,301,355,52611,195,1250,0,3071,0,1719,5792,1573
2021-12-04,10000,4457,5136,2287,1894,4344,4883,1600,356,2812,2519,1200,416,89,0,0,1760,5788,5203,503,0,1162,141,18793
2021-12-05,2533,2716,1220,0,1232,25,50100,1700,0,0,464,210,24458,0,73,74,672,31,500,66,816,4,3417,224
2021-12-06,832,400,2140,2526,735,129,4714,477,306,14,252,12,5689,1823,0,0,5830,297,3110,5789,392,0,79,500
2021-12-07,601,1273,3933,75,526,809,453,0,45,1083,969,67,1687,135,28050,2686,1618,812,1240,3050,9857,4086,11506,311
2021-12-08,813,588,74044,1125,752,200,641,1299,122,1928,423,349,22550,230,690,313,1182,10909,0,0,952,264,2914,1148
2021-12-09,1566,0,1890,2531,1000,77,1701,3317,60,0,480,0,998,1155,3488,0,2405,194,602,388,1570,100,664,1456
2021-12-10,1689,3221,4294,13380,5000,389,198,1020,85,341,1075,0,1469,5736,2317,855,2086,0,279,0,0,173,4016,576
2021-12-11,243,2105,2028,13274,10520,1440,701,218,80,744,20,6864,312,693,1927,30,106,2487,0,762,1137,2480,698,3629
2021-12-12,1508,0,29,0,436,0,830,2429,2812,100,187,0,2902,632,0,719,2145,309,2050,1980,48,437,0,649
2021-12-13,4,660,1350,2659,370,1527,350,308,330,10,190,0,1200,1702,3019,70,1117,124,2162,5063,682,220,2173,758
2021-12-14,13742,146,31,7,76,264,3239,240,1338,1263,178,356,775,749,137,32,1097,47,4331,12,196,35,1668,252
2021-12-15,1697,531,170,530,935,1195,34,783,3149,1933,20,621,459,0,393,61,3961,419,80,286,2560,0,974,3073
2021-12-16,545,3131,248,609,224,22,1262,1115,230,1189,838,33,1827,109,1084,5330,531,2703,5366,3205,3026,58,2805,567
2021-12-17,1924,2842,2786,63,105671,228,47,1116,10,170,165,304,170,121,198,3200,736,206,743,331,1325,877,5495,678
2021-12-18,2191,3119,61,3200,0,60,1500,10,760,1187,494,0,1715,888,1276,121,2052,1001,1158,134,157,80,3313,466
2021-12-19,4767,1736,880,662,577,1294,72,15,3825,1306,1695,117,180,162,2109,5559,2056,1400,44,244,617,120,8042,12904
2021-12-20,3354,23547,158,1000,0,925,1443,0,274,95,1115,96,1007,1408,410,0,8634,403,2020,0,850,60,50,2
2021-12-21,662,100,33,29,874,879,167,916,1707,2465,285,37,486,160,50997,2699,4446,5880,3239,560,442,1350,1489,4341
2021-12-22,1348,6,195,5501,2560,2041,986,3,2030,200,1188,400,1208,1602,2062,337,1048,0,902,5812,2355,2790,605,500
2021-12-23,832,583,302,1690,472,45,1963,17,3135,116,172,97,493,296,8338,1511,1201,556,2287,5061,1573,118,128,72
2021-12-24,344,2079,9580,2618,651,170,0,3997,685,0,1251,50,1570,2153,291,952,791,940,1656,93,465,1294,117,0
2021-12-25,2051,651,1812,2180,1784,12,1440,50,4963,156,12670,5823,106,4,611,189,923,1413,1017,0,3673,34,1799,2484
2021-12-26,840,246,5097,3014,1156,263,177,195,195,13293,1422,0,248,0,738,1103,1585,1779,201,78,276,1576,2509,3415
2021-12-27,1185,0,2334,3165,4072,184,2645,5233,1540,2862,0,21,1290,0,0,947,1401,438,701,174,1988,0,14745,120
2021-12-28,1215,7493,1607,1164,0,1110,2422,0,96,711,4965,4291,321,1859,122,489,255,1374,8,1147,5422,90,406,2614
2021-12-29,8720,888,2955,2028,1078,1291,911,116,423,3138,474,30,834,802,392,4066,6538,2000,384,10297,330,436,14212,1581
2021-12-30,1462,99,114,2200,162,5914,1459,1118,336,540,4519,2640,288,371,408,319,0,4036,387,1533,0,0,271,17
2021-12-31,2395,77,1435,1050,269,61,2242,868,702,1491,2162,0,8143,0,380,413,1058,1515,4054,680,326,331,2055,0
2022-01-01,2333,1800,12537,8854,105,242,0,0,3147,117,638,1907,19,1237,280,1187,1589,2761,3734,2240,835,2728,475,11214
2022-01-02,1,2319,423,1614,2364,275,994,1161,4218,2330,544,0,2575,3141,2209,0,2788,654,7671,6844,867,490,570,31
2022-01-03,3791,16206,11256,4291,332,2212,5716,1413,0,240,1760,70,326,0,999,5228,130,1575,63,8,9800,5099,14557,6631
2022-01-04,168,2356,17424,590,5344,239,3766,155,92,399,643,2618,3178,140,16332,0,2889,22233,1556,198,12,1170,1029,808
2022-01-05,17979,26,1069,775,602,225,6690,2633,1823,1329,429,50,2108,382,39866,426,6119,0,1405,658,9306,15,5044,1
2022-01-06,4066,5781,1905,3030,3342,360,2,0,609,1813,161,682,1085,1422,747,0,2794,7887,222,42,271,529,11089,0
2022-01-07,11340,0,2458,598,5662,7240,41,59,632,209,458,4485,534,10592,1194,1107,428,11,0,0,1619,1917,1616,435
2022-01-08,23639,0,400,2616,463,770,1046,0,601,1120,604,875,498,1000,522,0,3453,7924,1387,558,3982,0,942,805
2022-01-09,2504,166,1198,247,3006,503,613,126,97,1,91,1997,3,287,292,0,1769,219,4540,3311,37,495,197,319
2022-01-10,257,2,2223,2130,161,891,205,90,124,10356,257,15,198,0,2512,2,106,2821,2285,787,247,0,11,540
2022-01-11,4709,474,2123,1071,1226,0,408,0,1415,0,0,1124,0,1257,8,199,2762,758,912,10,190,0,2177,2351
2022-01-12,1913,147,357,2673,0,254,1080,351,1356,931,330,248,200,6,696,160,73,152,1124,0,36,0,420,2196
2022-01-13,22951,1281,1457,109,1847,4968,75,329,3691,80,1089,11000,2352,1931,330,12897,1473,87,78,740,1933,117,2230,5323
2022-01-14,1154,574,240,5402,1238,467,2996,10,14,130,281,6897,500,1000,2552,1577,415,2000,413,227,773,1048,283,1206
2022-01-15,956,798,20,50,1484,3766,451,31,3172,100,1100,1010,123,319,12932,1319,627,300,2584,225,1861,12582,524,511
2022-01-16,4800,6025,1600,863,1148,0,734,497,0,529,808,5137,230,1544,240,1278,562,2201,1100,559,1012,1320,897,555
2022-01-17,1668,12,12948,856,5814,54,622,42,633,311,1237,0,1900,1263,1249,19100,58,1642,640,725,1507,844,10325,832
2022-01-18,2490,4113,79,109,386,1306,1500,0,919,0,102,1874,5200,300,4425,1021,1210,2545,1161,1954,0,4289,1639,10749
2022-01-19,610,29,1511,210,544,1000,139,1469,3102,0,336,27,973,1009,323,2706,1491,0,1446,0,876,2271,793,5746
2022-01-20,1644,0,2939,265,1941,584,1262,37,320,474,58,10299,275,5659,24951,288,3578,1639,374,30,0,874,2734,15130
2022-01-21,5093,491,295,1540,1788,545,2000,25449,159,8000,240,4802,0,646,0,826,4982,1737,1900,600,463,247,2605,1183
2022-01-22,7848,1870,766,0,5361,3178,298,198,0,361,4133,50,644,3303,119,0,18463,3186,8605,8129,0,1660,3360,1843
2022-01-23,1244,1668,180,1868,2218,0,315,229,194,0,233,998,2202,125,4372,3827,0,297,0,121,503,3187,37672,2089
2022-01-24,6006,7209,1800,2000,209,0,885,0,500,625,342,2748,2078,114,913,0,2609,85,374,242,162,359,11841,2819
2022-01-25,7205,471,2514,6810,59,757,140,552,19665,0,606,67,717,954,9890,42,7,0,1030,2748,714,0,6701,1856
2022-01-26,373,716,1444,0,4073,1527,55,228,1236,104,179,3805,365,1854,547,466,643,2247,633,2153,462,3726,40,1400
2022-01-27,3623,6158,2014,2116,916,169,388,0,340,1000,0,204,3133,956,314,42,0,1332,71,1500,375,336,7636,0
2022-01-28,8796,4725,87,3288,3736,1155,1382,9,534,3077,21,0,1011,1911,1520,2782,808,0,1945,3855,284,1324,6214,2308
2022-01-29,2001,979,50,4816,1484,2230,0,1798,53,0,317,0,1833,87,0,748,175,23805,400,955,55,1716,8893,1650
2022-01-30,519,5010,804,244,2209,290,213,683,1229,511,1598,0,126,1534,868,1154,2917,1950,0,563,976,2851,2307,1058
2022-01-31,2219,354,2950,136,434,343,118,25,5403,0,4050,86,3317,1930,1491,205,1744,4253,0,15,2480,3619,0,1427
2022-02-01,3595,1555,1095,0,577,1,630,2220,5707,138,190,1587,3554,2042,2662,3456,531,4222,107,0,4808,619,2140,2222
2022-02-02,2568,204,2153,150,324,0,444,42,793,3320,1630,674,809,665,4619,50,2472,0,18,101,200,1423,125,6326
2022-02-03,8947,321,453,63,675,104,996,1100,807,141,564,2452,2265,168,643,5416,3889,1030,254,1736,894,3731,967,1545
2022-02-04,306,4698,4565,2998,2845,2966,0,0,4048,343,838,731,1445,548,993,3000,844,10,1078,430,217,9,8364,2686
2022-02-05,16210,0,4725,380,1759,294,1296,131,817,42,123,3529,294,23,1032,3303,517,1185,641,483,747,4796,7385,580
2022-02-06,4462,123,4268,0,171,1522,278,337,1024,592,1074,1000,816,0,86,4246,3912,0,2984,1002,424,326,5271,306
2022-02-07,1459,864,1657,991,5869,146,546,120,238,226,1000,431,594,150,141,2431,408,1766,335,2982,5,9,1084,397
2022-02-08,5166,2424,441,64,442,861,1204,10014,69,3284,170,9138,1801,376,830,1153,704,1289,599,5070,489,104,1864,1474
2022-02-09,6328,1215,1736,1050,13602,9673,755,2700,2214,237,9295,153,2923,505,2976,1500,888,2424,220,914,1602,1103,6067,715
2022-02-10,3897,266,1797,967,267,2984,270,420,2225,347,417,0,200,10578,2489,0,550,34,1178,2348,601,2519,4092,282
2022-02-11,195,132,170,543,2633,3,1170,320,250,9007,3427,0,390,951,2330,510,0,35,11330,2064,1673,8,4340,275
2022-02-12,281,1560,1358,9030,150,0,320,500,50,6168,585,1926,200,198,2835,453,1369,7336,1029,491,1346,1054,1314,510
2022-02-13,693,1100,868,949,2943,1078,5584,235,2017,0,3508,916,4473,1951,9203,37,4150,7640,358,3099,2321,44,897,8
2022-02-14,3650,253,815,1971,89,1683,420,441,1309,0,2679,1668,4559,540,2405,1507,2016,6898,11,280,9238,2879,302,9219
2022-02-15,306,0,141,293,11169,13230,0,50141,48,8,1615,215,339,4392,5,271,9527,20981,4292,858,2076,92,500,3079
2022-02-16,15484,340,219,959,3534,4323,383,377,731,396,1031,1631,14009,441,2583,329,2195,798,1015,113,1405,75,3725,37
2022-02-17,36,645,160,1425,1912,0,5130,970,2536,484,9470,69,1974,137,531,5083,3724,5519,4495,4573,4636,3040,98,3390
2022-02-18,6881,16778,12718,1036,3015,3387,6917,2519,0,0,408,1207,6015,14074,1394,15539,4580,489,1127,21991,3821,89,6535,145
2022-02-19,1968,2774,0,5696,35393,893,351,38,1722,0,835,409,71,151,730,4242,11596,254,11520,3291,12836,1044,169,132
2022-02-20,10869,843,1022,1525,432,465,0,2035,1935,136,1281,817,569,101,3214,3558,499,1,106,1521,5855,257,17437,640
2022-02-21,1452,1457,2163,29,695,5612,291,100,219,2128,55,7692,3278,806,9145,672,928,5306,167,1916,10464,1045,5445,18
2022-02-22,75,150,2163,1992,1582,0,341,133,3157,1750,2748,504,13541,1365,1365,1500,2447,28,5085,118,961,254,11788,422
2022-02-23,4064,1016,1414,536,258,5462,10885,1823,2678,19716,400,1001,1106,0,1231,3095,6217,1986,3623,2016,4571,1560,10195,404
2022-02-24,949,4172,10273,2185,126,131,6,380,1069,1253,826,1734,426,6701,1157,1884,359,126,1430,0,1052,452,5000,4065
2022-02-25,409,302,148,267,1339,550,1061,3118,1383,255,0,420,7460,2097,1515,3780,1878,971,266,709,8488,6958,5924,2411
2022-02-26,1568,0,3435,240,468,1833,2549,288,6620,1144,123,2800,435,0,389,1912,1138,304,12451,3552,1605,2267,662,1183
2022-02-27,365,577,2639,0,1076,1757,13109,318,812,0,237,709,194,574,1060,2136,0,3346,47,2159,236,207,15557,3326
2022-02-28,2155,687,2775,3156,1730,938,1132,978,0,287,5,1070,50,1455,1000,25907,10272,0,2111,7140,2837,882,517,220
2022-03-01,110,8881,405,15,10991,1655,806,771,3215,686,2563,1000,6894,1169,6385,50,574,25666,1576,831,347,4274,2452,9925
2022-03-02,1656,431,4291,835,1504,150,5910,618,1201,0,103,475,3123,321,105,0,2797,1077,755,79,642,5963,2739,20211
2022-03-03,1046,7481,1583,162,1735,324,6189,125,80,458,4422,161,1662,2735,400,19556,1680,327,10966,2358,27185,300,150,2808
2022-03-04,7531,3736,943,250,1340,0,31344,0,309,0,42,409,272,485,818,431,1016,123,13535,0,4895,287,688,2600
2022-03-05,316,1227,6407,2527,6057,21132,0,3800,8207,1481,823,0,443,300,10813,1870,896,1776,0,1448,287,643,977,1266
2022-03-06,2978,460,3178,25284,4108,3574,1330,2686,149,0,1008,1050,9684,488,2613,99,759,384,6227,572,2891,848,573,0
2022-03-07,3681,291,485,1983,168,2765,0,246,16428,224,272,486,8115,871,28191,5863,503,2114,264,4199,275,2876,18,3455
2022-03-08,24100,121,8971,666,1214,12645,263,5841,5522,118,1099,2482,3355,745,613,2086,933,1153,566,198,1864,3794,2464,2833
2022-03-09,1745,1330,804,4,10000,1616,20,0,739,333,65,186,100,460,1083,21279,2515,1242,3246,1383,2713,244,857,9049
2022-03-10,405,791,955,431,13,15000,1277,0,5864,2502,1989,0,13455,1563,472,33,97214,808,122,3,3377,20,2125,97
2022-03-11,1137,2697,0,427,506,0,2446,1143,376,393,2283,1939,958,966,2282,229,19941,759,135,583,655,1678,1204,1317
2022-03-12,678,170,616,1539,429,31,39,135,9572,938,7059,180,1190,64,481,2907,140,2797,7081,28,797,181,339,321
2022-03-13,11705,824,575,0,4436,188,324,291,75,1733,2606,3667,348,8791,10,219,13045,544,779,12776,867,71,336,6294
2022-03-14,5956,242,946,0,3253,321,1964,603,1088,25,61,1920,2344,0,5404,727,7649,0,382,3110,21894,620,680,5547
2022-03-15,908,0,0,933,482,3246,8858,1429,1131,231,2170,100,2009,1130,973,1742,1735,1048,2464,118,4027,263,3869,10328
2022-03-16,1218,812,5787,2292,9686,329,855,558,936,2954,972,1000,10000,1208,1702,706,7395,0,3926,8241,9879,4025,8151,0
2022-03-17,561,1409,627,85,1307,664,3968,520,5407,769,3618,1056,1520,1005,0,0,6616,888,340,2400,257,484,145,2056
2022-03-18,2478,1600,1340,936,6840,558,1271,669,150,14682,27981,559,5015,104,1395,1630,6282,818,927,143,1422,256,44937,427
2022-03-19,1418,360,200,661,525,864,308,0,1736,2138,1000,400,924,100,175,902,154,1981,816,7700,1014,40,472,42
2022-03-20,13013,0,727,1413,563,200,856,112,1545,1660,5407,1652,2504,2373,76,104,123,4411,567,8606,4043,68,32919,30137
2022-03-21,926,744,721,0,2306,95,949,1861,2105,68,239,2700,6069,134,8058,1473,5219,11976,4160,6639,0,4222,548,280
2022-03-22,2324,11,67,1138,1500,1321,290,291,108,90,317,195,541,701,11692,383,5450,3300,684,516,526,2256,277,1284
2022-03-23,629,0,628,283,518,432,1247,0,1505,895,212,0,3506,23960,2812,554,1420,11889,2787,2644,1087,0,152,1460
2022-03-24,8395,4508,5637,886,620,77,2965,2123,1218,434,285,2506,8028,3296,1819,214,737,2416,2170,1349,2801,1091,1817,1
2022-03-25,1020,6040,10605,133,615,113,1293,1006,57,386,638,9615,2509,723,1845,0,1165,400,7730,1631,822,307,3725,3022
2022-03-26,300,7147,0,526,257,1527,149,23448,1838,875,0,163,21246,882,2964,1440,2151,6455,353,33,7336,0,1506,0
2022-03-27,8113,3398,842,0,868,1169,3917,140,1185,2849,29,6041,236,669,3795,4322,53,2428,1534,1075,1740,2,2588,2560
2022-03-28,98,3949,1429,784,3645,2,77,0,143,3251,1286,1834,306,2349,8004,28837,1495,36,9103,3828,3049,569,2895,570
2022-03-29,2757,223,991,356,735,0,1330,1084,433,353,257,3600,0,3707,1793,2397,178,2729,400,1115,2887,4471,2978,0
2022-03-30,873,517,9,6655,1466,0,1693,7547,0,4852,1916,3148,1133,642,2195,851,660,528,1036,224,1043,570,203,1219
2022-03-31,4961,0,2148,0,2121,899,1522,0,0,3003,1420,129,5545,1076,505,176,1757,1763,9188,92,1452,1496,2867,479
2022-04-01,0,672,4066,6660,0,228,2100,1020,0,347,1932,1718,822,9715,331,7957,2035,24202,14270,147,3820,2767,1670,1100
2022-04-02,1440,187,364,1536,3020,937,152,3201,3512,0,2658,2568,7,512,422,4038,271,72,3858,2478,820,0,2027,1061
2022-04-03,3555,1310,4934,2900,1229,264,9736,1211,3770,10,1377,4417,1147,2121,1636,31,4779,1448,1902,850,3625,3776,281,4022
2022-04-04,129,0,3668,3284,2342,5623,1394,0,180,522,450,2491,1420,5914,501,13931,2821,57,375,847,910,485,338,302
2022-04-05,1405,5702,9993,20,5406,658,4535,484,360,1,3826,1418,4513,1194,4189,2715,2494,1264,6140,5,12,3351,334,2378
2022-04-06,367,11005,18527,1497,2000,404,908,477,3,3597,1819,1990,2657,383,2942,757,1253,115,1193,2226,1582,2328,258,1308
2022-04-07,511,363,6685,569,380,1661,875,368,0,2451,5179,657,1425,33,23922,5474,1101,144,9679,2041,877,1525,1700,1165
2022-04-08,2340,312,626,10893,10428,1000,1170,385,1575,1345,490,66,444,4602,2006,99,1000,0,991,658,2364,205,276,0
2022-04-09,4071,1985,773,312,0,873,10262,1363,8096,2702,6911,915,3251,3928,9819,167,420,1526,7150,456,1016,6227,1934,3188
2022-04-10,5174,91,620,1315,4367,1507,84,163,5390,3038,5353,3706,15510,370,3742,296,1632,1312,1567,748,1500,84,1790,1058
2022-04-11,1108,2548,861,410,362,1170,17,5830,2166,350,0,71,238,1319,4759,3354,5875,1049,3665,608,700,10361,494,101
2022-04-12,4108,1604,459,418,1039,0,1581,26,341,475,1059,2620,3331,3801,808,7668,4883,3784,7530,2209,20688,4367,1202,2450
2022-04-13,1295,437,2064,2453,500,1863,6793,136,966,2798,0,82,2012,381,4343,4197,63,204,926,5412,1938,2749,786,7676
2022-04-14,867,84,336,2395,953,41,300,0,414,123,855,3063,3677,50,11526,221,1909,281,7482,184,1165,9437,415,174
2022-04-15,377,2529,2781,2681,27684,110,188,3569,1408,67,1318,222,265,1644,6831,310,535,1500,730,2881,2534,24256,2996,4992
2022-04-16,6750,2580,394,639,2174,242,126,78,1835,15032,375,1308,1754,16844,3525,10596,300,2000,5694,57015,571,8554,684,2158
2022-04-17,1834,1753,1874,7614,8196,226,1276,0,559,670,3016,974,3454,1888,7387,24434,1134,58,2899,315,30280,2694,1409,1866
2022-04-18,679,2546,1682,3888,1576,1627,2054,5831,113,761,9541,9202,3903,151,2695,6244,1696,2758,180,112,5543,474,33641,7842
2022-04-19,875,1250,7461,1745,1073,5259,751,2328,1045,18,879,93,6864,450,29195,4616,644,5508,10758,318,20,1490,3086,33874
2022-04-20,1003,852,4993,4679,2043,3009,1369,245,7,474,527,3983,928,42,2642,3356,69,10228,10239,2680,1126,1384,2843,5067
2022-04-21,1688,898,1368,1836,134,2433,686,904,2764,1170,559,730,694,3815,3179,572,1103,1402,2133,5992,3668,1467,5088,1077
2022-04-22,9656,3631,16982,4038,2042,600,482,1296,587,5591,2,1789,8558,5266,940,392,699,1438,7304,2484,4343,9806,82,3490
2022-04-23,2960,1917,2824,1573,2975,31,599,2024,812,16593,6349,532,324,262,1059,13258,12693,694,4657,2055,4120,1355,2533,1323
2022-04-24,8863,563,3430,951,2986,500,2285,1398,2051,245,861,19821,1281,1858,606,802,8174,11036,1955,885,2702,2591,0,100
2022-04-25,1998,679,511,80,361,6450,587,7311,599,4149,4,368,3710,10800,3693,130,1955,77,641,1559,4754,10603,715,124
2022-04-26,558,4000,4310,226,3872,435,5266,257,174,757,694,604,7639,1234,10932,1357,2572,2178,1553,2472,2105,4643,1824,14075
2022-04-27,2585,61,4341,2574,20,12294,1111,62,37,5050,1107,3773,19275,7159,7512,3570,10992,558,5543,1914,3230,237,21,136
2022-04-28,653,525,1063,1108,10614,3287,119,2303,2210,300,158,0,9820,1826,1726,490,24120,386,1668,1839,136,3321,6352,422
2022-04-29,3179,3246,2212,702,10,249,2941,2667,943,477,1314,541,8255,12560,6034,1661,7879,522,1579,2312,1037,18571,2807,225
2022-04-30,4702,726,2682,1166,2713,141,15809,1204,14257,148,423,174,3126,12,427,19,6410,3810,1914,1351,11857,371,8684,4506
2022-05-01,2714,894,44517,340,2,154,759,1162,205,1800,2462,550,5178,997,18000,883,3336,550,10278,6773,1368,1110,7683,300
2022-05-02,10407,4142,855,3045,709,276,1802,1986,2703,9,7196,72,1147,3963,2013,931,6225,1102,2516,2456,1000,1300,2121,5408
2022-05-03,2551,3380,538,51,1160,12656,1,73,1275,108,552,6210,827,4450,6281,3024,168,7568,3071,289,8233,10042,1226,2451
2022-05-04,3819,4699,5209,0,2051,2036,81,4063,1436,541,287,657,772,1294,3664,14028,1233,4664,5906,1283,814,246,3748,296
2022-05-05,1096,0,65,499,414,1296,193,19,24,1078,4,3549,2019,152,1146,5078,10100,8343,23642,175,3600,320,3592,3950
2022-05-06,24892,123,1247,258,90,731,1763,4582,0,885,40,419,4394,3240,7245,7178,3226,25,361,1154,10171,31577,2890,1231
2022-05-07,2067,5014,242,2345,1142,1440,2974,4314,4263,3551,2417,1576,844,2132,1475,28,2866,10617,345,4139,11681,10304,1289,3851
2022-05-08,5091,3668,1575,152,2223,1258,1779,1208,475,2520,742,1110,1301,13146,2166,2540,2169,3065,3763,10240,37364,1155,10452,6980
2022-05-09,3032,3389,1296,2059,9766,143,6105,79,2551,0,1167,423,373,3528,1491,4372,13424,2264,4379,5535,1109,2892,3179,1107
2022-05-10,2716,443,157,2986,4651,2792,289,409,333,1300,6735,4232,1699,1751,529,273,3779,1346,9625,384,1334,375,3667,4224
2022-05-11,912,4852,3271,870,82,8464,2589,76,2919,1314,18,1623,480,1653,2439,2524,2549,2921,2433,264,5091,12724,715,3101
2022-05-12,3498,6812,5368,3377,11307,1202,10710,793,542,0,462,284,2880,4145,7907,2282,7779,11896,280,3586,3585,27114,1091,19
2022-05-13,10487,1511,1057,746,1265,1247,812,3388,930,238,843,6211,1774,255,3251,45443,1,3532,150,914,2976,4146,10518,8781
2022-05-14,3138,21962,912,2336,4376,700,158,0,41,1374,1238,46,240,3021,1534,0,2550,4137,0,7068,1148,229,1319,263
2022-05-15,6838,500,5009,153,22385,3248,6298,1245,582,1500,0,2312,1253,156,941,216,1217,3705,2930,196,1711,1179,1531,17094
2022-05-16,872,3751,13217,629,3674,6243,693,6510,2765,0,3624,1732,794,4753,18558,481,3605,3467,7151,2800,3026,1893,3110,733
2022-05-17,2123,8192,1673,671,2915,2189,1089,162,158,1036,99,4323,560,2243,711,20122,3782,3826,1766,7665,1557,3522,29941,21331
2022-05-18,359,2455,339,4417,1961,178,3720,8826,1032,453,1093,7336,27504,775,10872,1244,223,3209,4935,3054,12447,12041,13922,1984
2022-05-19,2960,165,137,1645,2281,1580,2442,221,4524,0,52,14580,7299,963,11211,6861,4178,9791,78,7282,100,442,633,6452
2022-05-20,3119,22,1948,701,95,555,3198,2579,231,360,686,1394,1362,1924,3499,3015,3894,16808,2493,3438,9350,2696,2987,19604
2022-05-21,1647,548,645,148,5907,1681,1454,655,337,484,4044,118,3283,10177,595,0,4995,723,620,733,11556,635,779,2237
2022-05-22,3962,3517,5456,10,4655,2063,9532,2248,858,2321,939,502,0,5784,4491,2106,4261,928,4038,437,1261,1285,8494,60
2022-05-23,8008,589,1013,113,1806,1124,1497,2313,4716,26777,3886,566,6937,681,10633,12562,6328,264,1200,151,514,518,909,2018
2022-05-24,8916,772,5890,11534,877,0,1317,1268,2248,692,521,40,1527,204,3221,6011,2975,11,340,2144,6376,1377,6646,3659
2022-05-25,10415,5268,452,573,102,988,639,7100,2260,2040,620,3127,21080,5104,2147,2129,7600,5961,3839,4314,4012,4015,4390,6036
2022-05-26,1457,692,742,1432,1660,955,2788,0,2560,2115,4806,1595,85,100,145,2177,9234,8647,5939,987,7323,3413,844,262
2022-05-27,7416,1849,4240,270,1943,18562,3001,469,189,795,6632,155,435,7142,1428,6053,2383,7814,1644,5905,13984,76,1083,2733
2022-05-28,13733,12369,89,130,946,3881,7429,3551,825,3526,1656,1024,3230,23,1368,12079,1167,4935,1069,2409,12591,3021,8827,8909
2022-05-29,2375,1565,4686,38,1512,842,2186,21,0,1324,8633,0,0,784,3044,486,3954,19208,8927,2106,5081,1235,4616,5536
2022-05-30,9341,697,2723,2258,108,485,2126,25,1518,1544,1353,468,243,3582,5402,191,15419,1843,4376,111,2677,1093,31000,2430
2022-05-31,8221,1295,2197,185,513,262,38,903,1508,500,3304,5078,2952,2703,1366,5116,1543,100,3557,900,5273,1755,523,1676
2022-06-01,19025,372,2924,271,0,798,1262,2892,632,169,4155,1655,854,3503,441,1286,14074,2099,338,3400,17300,7447,4348,160
2022-06-02,5127,2980,3622,17,1810,2240,6162,9897,1712,48,1200,773,213,5675,680,367,16385,12172,316,845,1403,1365,294,867
2022-06-03,125,4192,2776,991,2900,300,7270,908,0,50,125,5190,4887,1525,6398,1702,434,0,1174,7467,1084,0,755,2004
2022-06-04,659,2448,3526,2511,158,4516,3484,736,1176,343,10225,2286,4767,0,2468,492,1496,3149,4880,7071,643,1047,32,2116
2022-06-05,819,765,4436,2752,1567,344,3810,800,1522,6747,3448,281,132,5799,1300,1636,2904,913,6775,207,7970,3070,1200,39922
2022-06-06,11301,518,4799,742,2080,0,329,4534,24363,15,6663,1265,9231,935,5298,3346,1174,28,8230,0,1618,1779,2141,6833
2022-06-07,559,7868,6865,4393,1545,2032,540,0,0,3264,825,730,1479,957,2549,2339,1148,880,3283,463,1479,2518,163,1825
2022-06-08,639,2670,978,0,488,3042,140,1431,4836,10849,492,1038,4891,2127,9356,7618,228,121,4172,12319,1153,1438,1827,900
2022-06-09,1186,785,6894,1700,4377,359,6341,1049,450,3012,4732,1209,676,13729,10169,3227,2355,13023,550,931,2614,855,850,5602
2022-06-10,15586,9894,1800,1698,2030,1158,859,253,2781,0,0,160,474,15,2238,5287,4069,4102,305,6093,6743,1143,2712,10406
2022-06-11,16535,2456,1442,2808,2615,2670,1563,1576,17088,360,2444,9398,763,8191,275,2841,6192,25,4846,639,1597,389,323,7638
2022-06-12,4914,4325,4567,7355,349,1015,2897,1433,1000,2009,2434,0,5184,250,23321,2354,4317,6739,229,3979,1295,5373,3497,11670
2022-06-13,2875,1010,5741,203,2395,2686,3161,3356,2783,22286,780,85,190,183,225,1635,5201,2327,3412,129,257,11461,23335,1320
2022-06-14,13136,1005,414,1936,3177,2440,767,2300,5627,1964,40,664,1106,362,1912,6693,20718,1778,2404,2062,5295,8108,2741,4189
2022-06-15,1704,8313,4881,4032,4521,3706,2468,571,2323,5441,9872,267,1032,6678,7163,908,7123,1112,1859,2131,3530,3215,3882,1058
2022-06-16,6014,4365,1177,1807,386,1657,2593,153,354,2281,607,2026,2368,4733,3651,8304,5094,1349,3662,1472,725,3860,1284,4320
2022-06-17,19103,3238,2090,1752,655,463,3690,1641,4031,1000,1849,2083,0,1733,718,4847,5118,3697,13708,3483,1430,920,3229,874
2022-06-18,11133,1774,818,2870,1678,1144,7627,2084,1735,51,99,197,1871,1941,9180,2470,2702,254,4543,8532,5000,320,372,298
2022-06-19,5578,2492,4444,214,4349,2009,3531,10856,4,7410,2570,2795,3293,9464,1424,968,10101,1690,5419,885,1578,911,6098,8566
2022-06-20,5726,2942,2761,6,2603,387,3973,3110,1360,1466,1497,1851,61,0,9529,1443,6598,2991,5622,8554,388,991,586,3814
2022-06-21,8040,170,1850,58,1683,18,5028,6583,1214,2083,4949,7190,2929,1678,4744,1957,4700,1728,9902,2373,7038,1869,7552,663
2022-06-22,1871,3249,277,13007,3513,883,5000,2661,10182,7432,263,20,405,36,2661,7900,1123,3399,2626,94,5684,120,2937,4006
2022-06-23,4076,50,1108,38,4751,14896,799,804,4622,416,1849,100,14276,4481,1432,3061,5849,470,8865,6458,2952,2309,11176,6503
2022-06-24,1691,632,1254,1281,7854,253,3793,1366,6667,0,5550,0,7717,7087,4474,18003,3642,1138,22555,855,5148,16717,1169,848
2022-06-25,1148,1808,530,2322,2860,1000,3089,1480,2321,133,545,1671,12059,7230,939,1786,8262,3257,7963,1103,5829,860,1248,1177
2022-06-26,3437,35,2446,200,3409,5953,1109,1152,2000,1249,1871,1915,477,18205,764,1381,534,1622,5297,1313,2958,2961,7107,3303
2022-06-27,1213,3953,7311,26,90,70,1742,10168,2663,4439,2421,2740,7192,2940,3381,1750,20495,9293,8446,7161,2542,9454,3580,878
2022-06-28,3947,0,1379,1281,939,283,81,0,499,1514,4762,700,3881,139,1292,8047,4471,9406,1054,5114,28899,689,6651,10625
2022-06-29,5716,1902,951,353,7940,246,1699,2212,617,186,2450,2263,7722,1793,1853,6079,3117,5594,1139,25246,4229,428,4148,6007
2022-06-30,5913,3957,4764,1848,1554,702,69,1480,150,3614,4460,719,13123,773,1212,231,2507,4667,0,2478,1234,3333,3677,187
2022-07-01,4525,1470,94,7627,2903,124,61,240,633,208,3569,467,6685,2796,1747,5856,5876,542,15468,594,300,1477,2502,1367
2022-07-02,6783,2025,5886,4557,5167,26,1014,2970,1690,826,595,253,1373,1733,2157,4270,4333,184,1353,250,1922,844,864,0
2022-07-03,7739,5772,9885,4834,689,7727,0,352,303,0,1915,1895,7369,6661,2658,386,13604,23752,2230,1166,10294,29,660,1168
2022-07-04,1857,3847,7974,8187,15433,680,2946,4,0,1800,776,981,557,3056,338,1334,2705,2626,1854,617,634,368,2406,14302
2022-07-05,2773,20,2730,400,126,1426,5916,1300,1473,200,1621,4957,2184,1884,9816,320,1989,1015,194,1338,2821,139,0,3867
2022-07-06,5798,3000,4150,914,4561,323,1157,1458,39,1964,2305,1837,3469,3207,4000,455,1145,300,8098,9446,483,236,2419,360
2022-07-07,3800,0,1360,1642,1733,189,3947,260,2253,7381,16415,529,773,3141,6427,541,3525,164,18401,146,1032,172,482,991
2022-07-08,9024,36183,4227,120,207,139,350,1400,12,1882,200,12627,720,170,4716,43,1519,152,17424,550,1741,552,2640,485
2022-07-09,6018,661,1497,370,3876,924,3622,549,3452,8273,395,2111,1340,1332,939,736,1011,16074,3853,34,2738,118,969,515
2022-07-10,12762,10426,57,2180,2564,755,1851,7132,1209,1847,541,1013,144,2494,35986,2466,11625,3397,6662,0,29376,12,393,70
2022-07-11,5233,2709,2449,75,316,1898,26306,7182,0,4526,210,1446,1863,1209,10379,885,3288,5111,2499,0,4556,1746,0,167
2022-07-12,4073,766,170,35,1934,1957,10496,221,2135,3346,19181,3133,68,386,4016,3012,589,1200,1367,3156,6773,3665,768,6038
2022-07-13,1411,4578,130,159,1037,82,552,611,2049,5660,103,22697,2161,1488,473,0,1520,1832,3,709,865,2016,1201,88
2022-07-14,8162,2880,1128,4984,3865,3493,5285,270,722,2138,2360,22487,5308,2804,2533,3738,2280,650,24599,154,5197,0,5149,12617
2022-07-15,642,823,90,0,2822,3771,685,1478,449,607,1723,2740,7280,4446,2195,1106,8489,2329,9011,11655,9400,91,2203,190
2022-07-16,10238,24104,8418,25,3399,199,3000,545,0,0,1057,1851,5043,1856,76347,1776,2559,14892,3806,3742,6,1100,2954,2469
2022-07-17,6763,538,11516,60,15584,9527,4214,1113,2813,639,726,3596,741,760,6000,1810,70,1333,579,1112,100,3386,12462,294
2022-07-18,3641,1562,7695,26619,4980,2260,766,0,1478,1114,1439,17982,5360,704,1661,222,2010,0,319,716,1321,828,10924,12357
2022-07-19,132,4486,0,1145,3811,757,650,2302,313,0,2047,1037,455,2344,8082,0,5283,1256,1891,9843,5923,3224,8378,3030
2022-07-20,3691,6764,3732,1500,1043,767,6674,5815,1115,0,7714,4384,9087,1487,2634,4646,5412,4092,0,91,1581,895,7940,808
2022-07-21,4959,25,88,2314,1133,531,2719,3404,4015,300,1592,12890,2306,1140,5688,8419,3588,463,3142,2244,5141,1224,20938,1595
2022-07-22,1499,5138,3389,0,13798,1070,2810,1375,2204,31,9168,3092,222,3,2157,533,1609,4846,7922,0,1998,9765,4033,85
2022-07-23,6667,1000,2450,2661,0,50,1482,500,828,585,735,400,3855,4945,3142,0,324,337,15396,2866,3357,375,6451,1759
2022-07-24,138,3450,5632,473,197,3217,1604,1753,617,10166,1870,1465,1509,1636,20904,501,2529,2106,11504,2018,2447,432,1722,2661
2022-07-25,2784,6766,146,1327,6892,889,1127,1000,10555,300,290,1002,952,2071,4272,2825,864,3979,1041,9356,493,350,9849,1114
2022-07-26,5680,4921,2231,7187,4130,0,1210,310,2325,9739,3042,138,1912,13465,763,9035,3933,201,449,6707,1708,2111,1797,9504
2022-07-27,8530,2463,1108,697,3342,4460,1223,662,3220,3537,617,493,803,4661,4644,405,805,3188,2776,252,7855,1558,6159,672
2022-07-28,9193,29509,1609,3384,5209,40,1429,8591,2244,4804,4577,5056,1042,616,2119,4921,2263,5590,1395,1880,8326,3906,2173,507
2022-07-29,952,536,117,2237,6005,416,1219,3001,7379,1550,2053,1467,1659,957,579,2391,7950,353,1941,2,4460,144,520,4476
2022-07-30,3098,1120,1648,379,988,1739,75,2562,2548,2042,896,885,0,1526,270,793,1607,0,2685,4988,4364,2699,2389,3005
2022-07-31,8313,2218,2969,2096,199,203,1374,3607,10968,73,2852,907,1269,904,1049,3948,3561,6273,2136,8393,2466,4362,2664,928
2022-08-01,4967,25668,2711,472,2306,6646,1664,693,720,1100,1471,3265,1706,513,5477,944,7302,7304,3055,8827,4854,234,390,10
2022-08-02,10939,5256,2535,158,7058,2079,962,2410,4189,3068,1599,1225,994,3561,4741,3686,200,4042,4014,3031,3157,5964,19424,3642
2022-08-03,2016,946,3,2023,1992,17605,1553,528,2546,1635,4975,587,4848,2220,1093,5351,8425,1510,8631,712,12184,155,12586,5434
2022-08-04,2645,11263,14404,206,2654,1306,776,3781,7560,362,2143,918,6892,5836,3700,1066,113,50235,18926,12831,1081,1678,5912,248
2022-08-05,3105,6556,1368,446,1876,5295,709,0,780,1063,1266,288,1779,6433,2500,4348,4174,2042,7658,7575,8763,172,1569,2047
2022-08-06,2712,2062,5837,21425,433,0,160,2583,1118,0,816,1512,5621,444,21433,1237,269,73,6912,4833,2083,1924,552,403
2022-08-07,3740,4650,9578,0,8447,5583,9424,173,1333,8399,4685,1494,805,6793,5060,458,1307,2874,5352,491,14652,0,7254,4815
2022-08-08,3559,3091,3922,3117,2044,0,35,321,2789,2156,2305,9293,556,5293,584,0,9583,5594,1698,23354,539,3349,756,1038
2022-08-09,2606,495,125,1902,1890,1195,2561,8072,1049,20,706,6245,4300,2441,894,770,10553,3735,3224,4293,2000,400,3237,2537
2022-08-10,2180,6430,745,3794,9600,305,24225,6520,168,238,19946,4075,5309,436,1807,5393,6268,5204,1536,30360,10569,3912,4774,4973
2022-08-11,17203,2259,4956,220,6499,6716,4079,79,165,1872,3665,375,1026,1192,8090,2694,4258,4122,6234,9380,4529,5477,1756,2893
2022-08-12,100,11390,4292,1700,3590,1991,4143,20,0,10474,2721,259,15974,3620,4598,3780,602,44489,680,1313,7552,8508,6957,11211
2022-08-13,549,1515,1653,1012,9267,3429,2228,370,5543,0,1746,1782,737,485,275,3470,14321,3917,1084,1017,1256,281,293,1001
2022-08-14,3653,53,11314,2218,553,400,3000,150,1291,0,339,3900,4286,4850,13299,1625,2957,255,2255,660,3524,1499,392,2475
2022-08-15,4246,1395,3452,2765,670,2914,671,25678,2500,2172,3285,691,13772,6215,2151,360,30,26,1917,3201,16110,1975,441,7678
2022-08-16,7048,200,1257,47,1930,2634,16264,567,2066,3603,762,3752,7051,3501,8113,12111,10022,2315,477,544,2234,4647,249,2224
2022-08-17,4053,1281,5375,3001,4416,192,37,1932,3926,1590,3409,0,11392,18608,3378,20524,200,3832,475,427,29244,42994,8684,4394
2022-08-18,9783,361,20507,1594,7939,105,1075,1180,15801,20739,3213,16038,135,8000,22,14288,1510,13076,4370,4145,3099,9582,4423,6903
2022-08-19,2934,1253,8455,3132,4625,1773,2708,7402,5233,85,2995,2912,2916,9116,6499,6244,70,86,817,2033,2183,5377,10231,553
2022-08-20,4982,925,3320,0,3109,127,5697,1100,846,132,2388,107,6286,3407,1619,11130,5545,4950,7386,9239,5905,1099,11654,4414
2022-08-21,4519,3461,1710,2136,2547,260,120,11050,3459,0,6418,35717,314,7316,933,3959,9627,15761,7275,10678,900,5517,1841,1728
2022-08-22,10173,130,5677,3933,12149,2750,4768,1835,5000,569,8277,4805,2115,4374,3136,3344,6362,9168,6388,1156,59,2092,273,23
2022-08-23,1708,1732,326,469,6588,1688,330,1614,5056,13499,5294,585,821,3444,3898,6054,2102,28608,12407,3138,2467,15748,3093,7369
2022-08-24,987,4256,1901,942,7313,12858,21571,28608,10150,4814,705,3046,5613,4710,4768,13663,6251,561,10878,10968,16361,301,14915,4212
2022-08-25,2552,2895,2871,11064,2457,5604,4393,7820,336,9545,6353,1000,3289,1000,4602,0,31,2790,11012,0,1723,11938,10343,1931
2022-08-26,2778,19231,2094,2256,22452,5462,23454,2826,0,8841,3997,233,10065,532,844,1392,6105,38,8257,776,3141,23051,3032,889
2022-08-27,3270,2131,58023,1775,2643,3106,2257,460,304,4375,4033,3594,1602,16340,6786,4666,7616,578,10074,3155,0,22,5169,24530
2022-08-28,15260,486,2981,725,428,683,7344,11591,4792,3223,590,860,679,17775,5048,10638,3766,600,7517,14685,453,4252,11696,3512
2022-08-29,10638,5577,5820,2669,10151,1613,4548,0,1426,4272,2422,0,11467,1237,4087,12275,6200,538,8942,20065,0,1596,7155,4763
2022-08-30,4708,2202,2246,9992,5188,230,998,3899,3612,1183,2369,1151,2488,24616,1670,7170,4471,3289,7239,5634,22788,4891,882,401
2022-08-31,3229,773,663,1606,30547,0,6060,975,0,685,4245,3403,1804,1505,3588,4043,962,2351,2110,3189,17418,394,1960,563
2022-09-01,1010,1614,107,2358,9457,0,832,0,34316,2930,6682,26567,792,1601,6998,4159,17584,10658,7005,6211,8062,49,6791,404
2022-09-02,2068,1268,6630,164,6177,69,2107,488,3020,1190,10087,5339,2201,264,342,1412,24064,1266,1776,4069,2752,3517,738,7032
2022-09-03,13749,1541,464,0,460,4118,1499,625,10000,21203,273,1654,4415,7062,12345,398,12309,114,43907,126,4472,12345,4202,1313
2022-09-04,4229,4818,3135,122,4119,5120,3032,629,8866,1808,602,146,4547,116,788,2036,6119,2875,14740,1228,2305,1135,1170,16461
2022-09-05,6972,1738,10069,6777,1303,399,5916,1232,19863,309,2833,1358,9401,43,3648,96,16812,576,615,4251,8054,618,7150,3053
2022-09-06,517,490,21744,4402,1142,0,9164,1222,4952,742,3223,1442,1948,963,6706,1215,137,2631,1628,4562,3040,541,52752,114
2022-09-07,17117,1863,685,804,2873,791,7858,10781,2779,954,1829,4119,6125,4528,4686,6068,3981,471,4237,201,2890,2218,147,171
2022-09-08,3437,708,991,6000,562,4900,128,109,19506,1734,47,15147,4863,4633,22,7851,1953,1847,756,713,2784,24375,2727,5226
2022-09-09,8698,616,3129,1425,21585,863,4702,3487,390,1155,224,11217,3460,0,3637,832,5134,889,3269,4399,3858,31117,1909,4549
2022-09-10,1615,1129,21888,141,163,1734,5553,4364,4594,862,3266,946,3022,2645,12155,625,2584,1779,2753,570,10680,9508,2638,876
2022-09-11,475,22,1678,595,1794,0,1359,84,5948,3445,4467,544,863,7045,19431,410,9084,4564,1355,6037,10319,0,6340,9
2022-09-12,1224,1099,3238,9259,1369,557,9873,14842,393,737,10808,1439,4604,2516,25994,1704,1026,708,1551,1758,130,6269,5653,856
2022-09-13,3147,332,4893,2386,2540,20056,1782,19290,3239,1595,13591,3970,5489,1010,2258,1497,7745,732,1497,1327,8539,975,3326,3337
2022-09-14,3383,865,2359,24,10938,14689,4146,4255,1033,483,1306,437,3427,2821,7975,5190,592,1148,1558,831,6073,22396,10199,5468
2022-09-15,14766,17030,2621,8117,29828,813,534,0,389,5098,6044,3196,2443,1379,7656,4695,6032,8587,5712,15782,8460,178,3106,222
2022-09-16,471,1900,713,28568,0,172,518,1223,3023,0,625,2107,24415,825,1672,6654,8987,113,31613,6314,9009,0,517,3109
2022-09-17,878,2840,3924,464,5566,8849,0,18760,3070,10067,3073,61,897,1134,5063,4975,6338,43720,3711,1474,11685,2615,1230,1286
2022-09-18,3232,4577,2387,355,2694,500,2176,196,0,26340,3829,10000,1545,17789,24131,14487,6285,328,1400,2257,4797,5898,3056,4121
2022-09-19,14265,6090,13292,250,523,3050,285,5000,9491,1313,2697,4811,2246,251,2249,3269,2637,1322,1179,318,4474,14867,5724,4565
2022-09-20,3055,292,3667,1118,4678,541,1264,879,0,2323,382,3000,2955,15985,3119,3289,5937,6775,534,51194,10576,1240,4676,543
2022-09-21,7688,1825,2891,0,60394,13044,3804,0,2416,1445,48,2283,191,18329,705,13701,13468,2568,7523,2745,6477,2226,12747,5485
2022-09-22,4793,400,2855,2649,5091,745,1152,343,60,4929,5546,4022,364,1426,6118,941,5409,3335,25412,346,3121,991,250,2964
2022-09-23,948,0,5482,1535,7208,5522,6087,0,809,1053,526,1617,3413,15998,269,3040,387,4780,250,950,24810,2206,3505,29218
2022-09-24,4644,450,946,566,460,200,200,20,534,14691,3785,7533,1752,1857,4604,2848,9890,3214,5110,2845,5689,873,335,200
2022-09-25,492,2676,3748,181,5726,314,8266,727,199,713,5130,1698,8307,900,27077,13639,3065,4788,34656,23336,11306,6601,9312,2463
2022-09-26,4156,720,0,3858,388,0,361,2732,10000,52,202,2695,12438,1418,11946,4431,1885,4100,1449,1237,2237,4773,7240,80
2022-09-27,5903,23744,5336,1356,6112,1674,6159,2570,704,3000,2985,38,6460,5862,2370,2743,5525,2644,4351,243,7843,20668,5460,8559
2022-09-28,2101,1076,8526,15244,440,0,189,6149,2886,4430,183,1893,2094,1748,2355,0,4651,3834,1783,632,215,2190,7809,220
2022-09-29,6403,5826,1584,14393,26530,14908,6967,2373,245,1131,7473,6781,3072,3928,2575,2665,2449,1858,1897,131,10971,2028,4033,6
2022-09-30,2284,500,1219,3149,2338,0,1914,0,451,516,798,1258,11299,335,4029,5996,397,4314,5741,2172,291,141,2587,7404
2022-10-01,4467,324,0,11637,4452,101,25948,10120,3409,273,254,6764,2046,1450,710,18144,2692,1268,649,1323,1672,2448,5465,3410
2022-10-02,6425,1794,343,97,10529,682,1884,1450,3377,284,0,0,12263,359,8203,21080,8548,359,3446,15560,3177,1276,128,2342
2022-10-03,4458,2031,419,6543,0,5063,1319,0,23598,6042,2794,890,8163,1839,15103,2213,8638,690,1155,263,5260,3879,2485,1649
2022-10-04,7515,10,3913,4495,4569,8376,3013,35,39,992,0,5246,6412,3180,23755,16164,4737,4103,436,1827,7380,2209,5076,1484
2022-10-05,3398,288,1703,2886,23245,7090,686,7597,9702,3182,1721,1169,2774,1091,3017,3446,841,11259,2214,521,2560,400,3315,1911
2022-10-06,1780,495,305,1497,180,20064,372,343,2,107,136,0,585,200,4059,3878,6479,26,1003,14588,5107,2891,10343,1238
2022-10-07,3141,5500,15853,2298,600,1553,13952,0,2436,18071,0,395,2391,1624,13596,10178,250,4174,28866,6307,3976,10956,5949,3538
2022-10-08,9244,105,230,14165,0,0,2862,22083,413,12084,847,1222,69846,12207,16831,6634,1324,2043,422,2688,211,1894,5451,6604
2022-10-09,613,6127,7196,222,536,16,779,3490,6072,45,120,9941,2508,8363,4658,230,6071,8382,6385,1554,3094,12894,2530,1100
2022-10-10,10801,1932,35,4565,2753,5170,4353,251,4632,44855,316,33,20000,0,10085,6369,5856,4340,11765,83,4425,42,2917,9353
2022-10-11,1224,18004,3421,175,14086,30238,1264,2671,1619,75,2850,3573,333,6385,11084,1752,2751,4611,1929,5989,16201,5459,6379,7784
2022-10-12,4033,4936,1517,50,1736,849,8774,24369,354,67,175,32,5966,7977,8052,100,8561,500,4933,3373,6141,291,1156,2361
2022-10-13,1914,13012,670,15610,1091,7869,0,2284,63,768,4183,1252,6810,5202,4510,2815,4450,3635,13342,15199,810,3108,1477,100
2022-10-14,2280,2210,3773,1009,10854,0,20748,80907,151,400,1996,348,26432,2106,6342,7658,10172,12430,853,144,4695,1761,100,706
2022-10-15,645,102,14778,3149,1000,461,2189,8497,144,63,1263,4780,315,231,33880,10597,1224,24691,4903,4820,7655,2138,5858,9163
2022-10-16,12789,873,420,10707,59737,1755,3204,2656,7878,50,0,3441,7888,40,10220,3296,2803,2503,7523,5953,27425,0,5338,175
2022-10-17,14,960,2041,0,900,0,9,12,1740,1403,645,167,1854,0,4277,1287,2418,52,1772,133,3399,3607,19814,35267
2022-10-18,73,606,0,709,3296,11,717,2255,267,281,363,2297,2305,500,17324,2867,842,88,27237,2303,5623,15248,2514,10410
2022-10-19,340,1010,1055,6827,35580,0,15125,2313,3215,3,1316,1562,5280,1519,1167,4039,6128,3803,2864,861,2812,2931,8832,3227
2022-10-20,6807,0,8641,4,10552,37482,519,342,12221,0,1422,4413,368,2600,5951,4483,55,100,96,658,4334,3491,2563,80
2022-10-21,7334,313,24,10000,2000,15099,14365,1271,2792,1128,13,2398,1000,8633,497,6273,5232,6235,10286,1807,6886,2799,4123,5749
2022-10-22,2974,32333,929,28603,1840,0,5956,4459,7827,0,2209,2166,4776,1570,5364,15077,4110,3558,12853,1536,10019,3366,4066,1492
2022-10-23,3100,645,2540,843,23973,17371,3370,13769,401,9657,480,500,6341,793,5481,65,4754,4081,1647,281,12147,7759,14046,1468
2022-10-24,7747,335,12000,0,2393,36698,387,1327,3494,1982,3159,8425,2503,624,6284,8981,4486,812,1321,4957,2423,1477,128,353
2022-10-25,0,2248,4576,1,7188,12254,15377,488,4862,946,2732,6172,2207,345,4027,2276,19671,870,204,9741,2990,10738,6956,1763
2022-10-26,1283,656,1186,4260,2431,30,8511,1791,2297,1815,0,728,3322,1767,15422,0,9713,2768,27899,979,2391,21639,6657,3998
2022-10-27,1026,112854,10113,119,4509,1042,28,641,7762,0,526,2526,3474,8680,7330,5542,4,200,6759,14237,4853,18804,16030,0
2022-10-28,943,12437,7727,17277,9829,125,240,3351,1606,8748,4709,842,4969,1240,6000,16673,9233,24780,1840,9857,12068,3910,8004,4208
2022-10-29,2219,3612,6311,0,1112,3664,835,3467,1268,0,3170,855,2313,2558,8189,5162,17133,1045,2722,2211,138,211,13673,1763
2022-10-30,3923,344,3916,3869,1962,99,3647,904,0,5396,2738,7142,815,307,124,5693,6604,5425,4552,1102,7972,9245,6067,4954
2022-10-31,15024,4366,17616,0,2889,0,1483,783,2095,4091,403,5737,6509,4158,4949,0,13980,1530,2166,5125,30000,15000,5370,8730
2022-11-01,429,3115,3599,0,500,1239,15381,3205,5849,8074,13342,11000,40000,2938,10011,6494,8990,4902,22304,1962,2743,12886,8185,1130
2022-11-02,196,407,3429,319,1215,0,3342,4619,11491,13325,450,1204,4028,901,4599,12504,113800,0,1905,8604,4916,42890,3877,88
2022-11-03,309,3051,6827,1151,1756,533,3689,233,894,1146,6484,1942,828,12624,3527,0,4610,4814,43632,16425,4657,2655,819,458
2022-11-04,4934,2438,4015,9250,1553,0,2627,12400,1565,314,3287,1218,1447,4389,16994,9468,5037,1559,10167,11142,2807,2363,3810,2986
2022-11-05,813,127,3786,6494,9491,0,1191,3089,4161,1201,2881,15670,44941,7543,59882,635,1087,28,14698,324,1817,1312,629,9636
2022-11-06,11935,4022,8999,1550,1671,135,454,362,1336,3944,8949,9659,13633,1889,4773,9608,3771,3221,7083,2980,4221,338,1674,5132
2022-11-07,627,1788,12647,3575,2688,120,700,2222,35140,0,200,1084,12833,3220,3845,2173,14856,1004,2029,6206,40093,78,7832,0
2022-11-08,2720,5159,4969,18572,16485,0,2038,652,40179,98,3647,3624,4541,3384,3611,1872,1317,7101,31128,2917,31677,11521,3422,4234
2022-11-09,5112,8337,241,966,16176,257,13331,4732,0,15045,10000,10187,0,2753,10147,5323,1463,3523,8367,4035,2595,9850,1124,1961
2022-11-10,1581,10,4658,0,5905,0,9558,0,5301,0,1802,2033,2758,12606,3566,14265,1005,939,4228,398,2432,3819,7685,2344
2022-11-11,29566,36028,10350,4400,4524,2429,48,12633,781,643,2610,3085,1188,6834,1236,9054,4266,9636,17876,11011,605,1131,17119,17045
2022-11-12,18029,8077,6182,223,4995,0,636,0,4173,763,16058,7000,33577,173,3752,4185,2493,2204,2362,1915,18956,1191,3582,5007
2022-11-13,6296,1600,4222,4147,506,3294,1569,6611,2894,30,7977,5942,2651,1248,1618,1803,1446,765,1287,10435,1022,2518,3414,5956
2022-11-14,5193,552,5570,0,1512,100,1836,0,1818,0,5357,2591,0,2784,775,1538,9159,2156,165,19,4007,2153,1293,1145
2022-11-15,2294,1503,2103,2671,1000,1307,636,9020,1018,35,3,3442,7106,7989,250,101,1554,1764,0,1115,6048,0,5788,0
2022-11-16,684,770,7971,1352,122,1214,2451,3384,137744,80,172,2326,6586,5348,30918,667,10535,7216,1874,182,9589,431,3517,5309
2022-11-17,7545,2029,1764,586,7680,13479,0,1512,10,33,0,216,5007,2315,4367,346,3426,2121,6890,1645,899,0,5976,2502
2022-11-18,1354,8468,2536,342,0,590,3545,162,874,3306,603,0,1758,6975,899,1220,3632,349,4367,0,575,2832,4551,3665
2022-11-19,1039,203,745,2483,4789,728,1513,340,4699,12174,5210,1496,396,1765,2632,4344,4888,12261,5301,4612,5204,1850,1554,984
2022-11-20,0,1156,2860,370,1400,2066,273,950,3000,3265,729,2000,92,13900,2090,2667,2385,1145,0,610,5848,1563,1981,1659
2022-11-21,1763,4285,3449,400,4058,1300,12,666,3985,631,1003,634,347,480,5597,6677,2777,1636,4989,1766,149,1648,2642,430
2022-11-22,10814,3060,1462,0,2021,0,201,0,28,104,350,1562,951,161,1244,0,5094,3998,8971,2899,2500,1801,9022,478
2022-11-23,61560,22,2750,1890,280,230,0,0,1000,2464,0,40,1077,24570,3040,3339,2721,1,2686,1290,787,424,18,1054
2022-11-24,8728,942,9812,24288,1321,0,4418,504,10583,1200,316,1838,464,2166,4341,911,2570,671,2614,4250,2386,1057,35,2186
2022-11-25,4412,1158,2264,10091,0,9868,887,0,188,9106,4729,6327,402,3847,8865,2950,9295,1913,16208,15014,211,23,8912,2963
2022-11-26,5899,846,0,793,3275,348,448,55,0,125,498,2574,7146,1795,2451,410,4622,0,2955,3645,3111,4185,89,2076
2022-11-27,281,1942,4448,675,367,3647,424,6775,365,129,341,8283,2352,466,3661,3380,3111,10848,948,747,6268,10424,2983,82
2022-11-28,10735,40944,3549,0,47,1920,6658,257,88,0,4042,0,951,3634,1978,594,498,9745,5032,300,1506,1330,327,2337
2022-11-29,1083,329,1039,139,4182,1010,3162,3638,188,6981,100,130,5619,109,435,14789,2614,7318,5563,170,2687,8859,7780,4221
2022-11-30,1488,3364,6966,2892,1989,50,141,740,1239,6361,0,1620,3411,4130,156,4135,6123,10842,6644,1181,4706,3398,16892,1273
2022-12-01,1372,831,4609,4846,990,4109,420,271,0,832,1128,2716,6085,1487,63,0,5177,6430,261,269,17054,2290,3004,3734
2022-12-02,2977,3049,3291,5681,1196,1607,1363,534,0,50166,1103,13,3491,588,3780,919,10951,14316,1261,14301,16652,9870,8502,1054
2022-12-03,3162,7461,12432,277,279,47,4432,635,1272,2484,135,13432,6095,2162,991,2278,4879,2336,1203,856,2359,5438,2993,2453
2022-12-04,6542,4245,0,0,14987,14190,9822,60,5386,40,180,532,1130,6065,3299,1640,4604,0,8064,2577,0,9840,258,5822
2022-12-05,621,5470,3147,4977,1696,1313,20,475,8028,4809,0,231,11599,3036,1205,844,1650,1921,7386,587,5523,1041,0,150
2022-12-06,74,9349,5115,7032,5711,453,1023,135,1745,1,677,794,38669,1003,2329,3327,1717,3800,7372,2493,1044,360,5089,1840
2022-12-07,374,3756,4153,3849,9151,0,285,316,25,0,0,0,4982,3629,1474,1103,7134,11,410,6274,3009,0,5330,245
2022-12-08,12794,7422,508,350,671,279,0,9086,4995,200,9768,3465,544,6881,8594,5327,2611,3498,696,0,1323,120,7158,2439
2022-12-09,4139,3532,11953,3085,1802,0,653,169,0,0,20,1202,17238,6784,3140,4190,1075,1721,1320,9410,778,4352,459,2600
2022-12-10,3996,219,6170,4866,2525,500,4378,44,4402,352,6699,0,1247,1313,7915,2541,9474,5818,503,1322,2393,7000,1135,8465
2022-12-11,1917,10865,9141,25,518,3864,1936,74,1015,1190,1035,999,3830,58,10700,7622,617,13000,8808,1000,3309,3298,8792,1137
2022-12-12,6922,9219,3908,11626,560,0,1131,1955,2608,920,166,671,13147,559,1308,1245,13046,1061,3505,1500,409,4785,2783,13458
2022-12-13,5344,0,260,2555,0,512,138,2552,68,1199,245,678,3273,1805,78,72,787,5265,380,1926,2239,0,372,1494
2022-12-14,9939,1203,10665,1436,1286,3289,2746,394,142,2351,1860,717,10210,15616,1251,6203,221,3803,2079,6258,2100,4795,0,254
2022-12-15,1268,9296,1376,710,3301,458,1265,1190,14,143,24,0,0,474,3650,469,1519,1646,2294,1988,1448,10,5055,5730
2022-12-16,738,2195,2532,1,5013,3124,1802,2650,1500,0,0,2412,13,2063,3118,16513,4505,6453,2663,8319,17366,100,13504,8199
2022-12-17,741,4982,0,14563,1939,1090,1440,0,83,0,3585,146,1289,317,11325,3296,654,3540,753,129,4070,12135,7951,253
2022-12-18,10961,6449,2288,625,3879,1589,268,0,10032,4690,454,750,199,0,3354,1290,1396,1073,5697,1437,4921,180,2960,0
2022-12-19,9068,2345,3946,2737,8509,608,1231,500,1000,6363,2527,290,716,7561,0,6114,2830,2217,448,1952,842,6467,3,1000
2022-12-20,250,0,81,250,989,9025,23,8367,3909,727,2147,3416,1293,473,10703,6739,1355,0,8078,1256,931,2000,4294,3173
2022-12-21,2287,0,1991,4274,715,1027,1197,890,0,856,1742,7139,0,345,15950,9969,13031,0,676,6688,26,649,26000,3325
2022-12-22,2565,3015,200,786,5708,661,1673,21,895,6,370,4079,5797,297,4561,2021,685,865,9134,1991,4008,1228,10857,3489
2022-12-23,2302,929,4796,11699,3505,1981,200,1497,126,75,284,10422,1656,4410,6522,347,1399,442,4777,0,6820,4914,15212,19839
2022-12-24,7422,2449,310,157,9806,2310,408,4037,14871,339,379,750,2255,157,2551,6763,5227,3946,5066,0,1397,757,78,25
2022-12-25,0,5400,2043,3323,1174,507,1667,74,6304,2000,2982,129,1483,0,7384,4288,2000,1375,1856,335,499,12272,1386,16495
2022-12-26,32990,0,9453,2275,17,2258,250,9,2017,0,2681,2982,5322,7300,5796,3888,3775,461,6642,20,534,1627,1648,435
2022-12-27,33191,248,5085,6741,1413,2014,2644,47,2470,9461,7065,1000,1124,3067,2081,884,9644,3850,3961,3147,202,1000,1899,4030
2022-12-28,1933,3989,0,8572,1000,6439,896,6046,65,23,7461,551,5851,12179,1686,3069,4954,100,5579,2269,1613,6099,319,49
2022-12-29,353,18249,13763,4256,7467,15313,3842,552,5527,0,374,8,1700,19419,1670,190,3391,349,2478,3102,7,0,1524,1500
2022-12-30,5357,15500,478,440,395,0,4174,5043,79,3504,8683,4285,11074,326,10187,401,1432,2900,1050,11772,514,14998,2513,2973
2022-12-31,1558,1300,3611,2162,5301,3676,1030,0,2587,110,175,400,2591,400,75,161,1041,7850,1457,0,2418,145,528,4165
2023-01-01,2476,21957,3464,123,1121,610,2336,3105,3731,7404,9200,829,4587,0,688,4746,0,15,5962,3002,1615,474,2042,2450
2023-01-02,3165,0,123,4162,2843,19,220,9723,3766,981,3000,0,3766,12739,441,7142,444,759,1238,1829,9940,2191,7507,0
2023-01-03,3118,1600,823,90,2457,420,3533,52,43713,576,6223,0,12038,1300,2081,4967,8009,2597,362,572,3273,441,3381,6396
2023-01-04,1947,5517,1495,554,2592,2207,82,3703,0,2231,1,2272,2193,16981,5041,40112,3519,1484,9877,2421,4690,32,2344,10149
2023-01-05,20798,1606,902,1837,4827,9892,175,443,0,9910,3043,0,3397,11684,274,158,268,3829,8720,7637,220,108,300,1050
2023-01-06,2907,650,4000,639,35681,414,28207,14048,613,9780,10954,5080,0,3066,5958,1906,9,0,2808,36,2718,1439,2741,0
2023-01-07,0,6008,44524,4057,22211,40178,3500,21965,10713,0,14127,684,11393,431,5404,7967,17994,10000,7046,4760,6689,2616,13339,794
2023-01-08,7593,1582,233,4026,68,60010,783,17303,1300,600,1476,193,45900,799,4723,876,0,2370,9298,4488,1478,1000,2006,1607
2023-01-09,4920,173,990,3385,464,1305,0,1732,24316,1305,0,418,1056,0,9151,1465,7393,1104,42005,391,6259,10195,1239,0
2023-01-10,12251,50000,13484,12840,1106,4261,19802,0,1519,520,78,1606,3369,1600,5977,5161,1865,2300,41120,126,120,1774,0,1195
2023-01-11,22174,36,0,5330,229,0,6991,3176,41,2819,2879,0,68,1598,1280,1795,8085,4488,1080,2908,14920,1055,1778,2148
